-- Safety Backup Before Restore
-- Generated: 2025-11-01 05:07:10

DROP TABLE IF EXISTS `activity_logs`;
CREATE TABLE `activity_logs` (
  `id` int(11) NOT NULL AUTO_INCREMENT,
  `user_id` int(11) NOT NULL,
  `user_type` enum('admin','teacher','student') NOT NULL,
  `action` varchar(255) NOT NULL,
  `description` text DEFAULT NULL,
  `ip_address` varchar(45) DEFAULT NULL,
  `user_agent` varchar(255) DEFAULT NULL,
  `created_at` datetime NOT NULL,
  PRIMARY KEY (`id`),
  KEY `idx_user` (`user_id`,`user_type`),
  KEY `idx_created_at` (`created_at`)
) ENGINE=InnoDB AUTO_INCREMENT=328 DEFAULT CHARSET=utf8mb4 COLLATE=utf8mb4_general_ci;

INSERT INTO `activity_logs` VALUES
('5', '1', 'admin', 'CREATE_STUDENT', 'Created student account: Goco, Marc  (Set: A)', '::1', 'Mozilla/5.0 (Windows NT 10.0; Win64; x64) AppleWebKit/537.36 (KHTML, like Gecko) Chrome/141.0.0.0 Safari/537.36', '2025-10-16 01:05:02'),
('12', '6', 'teacher', 'CREATE_SUBJECT', 'Created subject: capstone 2', '::1', 'Mozilla/5.0 (Windows NT 10.0; Win64; x64) AppleWebKit/537.36 (KHTML, like Gecko) Chrome/141.0.0.0 Safari/537.36', '2025-10-16 01:29:22'),
('17', '1', 'admin', 'UPDATE_STUDENT', 'Updated student account: Student ID = 70', '::1', 'Mozilla/5.0 (Windows NT 10.0; Win64; x64) AppleWebKit/537.36 (KHTML, like Gecko) Chrome/141.0.0.0 Safari/537.36', '2025-10-16 17:18:26'),
('18', '1', 'admin', 'DROP_STUDENT', 'Drop Student Account: Student ID = 70', '::1', 'Mozilla/5.0 (Windows NT 10.0; Win64; x64) AppleWebKit/537.36 (KHTML, like Gecko) Chrome/141.0.0.0 Safari/537.36', '2025-10-16 17:21:29'),
('19', '1', 'admin', 'CREATE_TEACHER', 'Created teacher account: Ortego, Norman (Department: Faculty)', '::1', 'Mozilla/5.0 (Windows NT 10.0; Win64; x64) AppleWebKit/537.36 (KHTML, like Gecko) Chrome/141.0.0.0 Safari/537.36', '2025-10-16 17:25:45'),
('20', '1', 'admin', 'UPDATE_TEACHER', 'Updated teacher account: Teacher ID = 7', '::1', 'Mozilla/5.0 (Windows NT 10.0; Win64; x64) AppleWebKit/537.36 (KHTML, like Gecko) Chrome/141.0.0.0 Safari/537.36', '2025-10-16 17:26:03'),
('21', '1', 'admin', 'DROP_TEACHER', 'Drop teacher account: Teacher ID = 7', '::1', 'Mozilla/5.0 (Windows NT 10.0; Win64; x64) AppleWebKit/537.36 (KHTML, like Gecko) Chrome/141.0.0.0 Safari/537.36', '2025-10-16 17:26:19'),
('22', '1', 'admin', 'UPDATE_SUBJECT', 'Updated Subject Details: Programming 3', '::1', 'Mozilla/5.0 (Windows NT 10.0; Win64; x64) AppleWebKit/537.36 (KHTML, like Gecko) Chrome/141.0.0.0 Safari/537.36', '2025-10-16 17:49:35'),
('24', '1', 'admin', 'DROP_SUBJECT', 'Drop Subject: PE 5, 2025-2026, 1st Semester', '::1', 'Mozilla/5.0 (Windows NT 10.0; Win64; x64) AppleWebKit/537.36 (KHTML, like Gecko) Chrome/141.0.0.0 Safari/537.36', '2025-10-16 17:54:50'),
('25', '1', 'admin', 'CREATE_ANNOUNCEMENT', 'created new announcement. Check the Recent Announcement Board.', '::1', 'Mozilla/5.0 (Windows NT 10.0; Win64; x64) AppleWebKit/537.36 (KHTML, like Gecko) Chrome/141.0.0.0 Safari/537.36', '2025-10-16 18:02:57'),
('26', '1', 'admin', 'UPDATE_ANNOUNCEMENT', 'updated announcement details. Check the Recent Announcement Board.', '::1', 'Mozilla/5.0 (Windows NT 10.0; Win64; x64) AppleWebKit/537.36 (KHTML, like Gecko) Chrome/141.0.0.0 Safari/537.36', '2025-10-16 18:03:21'),
('27', '1', 'admin', 'DELETE_ANNOUNCEMENT', 'deleted an announcement.', '::1', 'Mozilla/5.0 (Windows NT 10.0; Win64; x64) AppleWebKit/537.36 (KHTML, like Gecko) Chrome/141.0.0.0 Safari/537.36', '2025-10-16 18:03:38'),
('28', '1', 'admin', 'CREATE_SCHOOLYEAR', 'created new Schoolyear & Semester: 2026-2027, 1st', '::1', 'Mozilla/5.0 (Windows NT 10.0; Win64; x64) AppleWebKit/537.36 (KHTML, like Gecko) Chrome/141.0.0.0 Safari/537.36', '2025-10-16 18:14:01'),
('29', '1', 'admin', 'DELET_SCHOOLYEAR', 'deleted schoolyear & semester.', '::1', 'Mozilla/5.0 (Windows NT 10.0; Win64; x64) AppleWebKit/537.36 (KHTML, like Gecko) Chrome/141.0.0.0 Safari/537.36', '2025-10-16 18:14:44'),
('30', '1', 'admin', 'RETRIEVE_ACCOUNT', 'retrieved student account: Student ID = 70', '::1', 'Mozilla/5.0 (Windows NT 10.0; Win64; x64) AppleWebKit/537.36 (KHTML, like Gecko) Chrome/141.0.0.0 Safari/537.36', '2025-10-16 18:15:08'),
('31', '1', 'admin', 'RETRIEVE_ACCOUNT', 'retrieved teacher account: Teacher ID = 7', '::1', 'Mozilla/5.0 (Windows NT 10.0; Win64; x64) AppleWebKit/537.36 (KHTML, like Gecko) Chrome/141.0.0.0 Safari/537.36', '2025-10-16 18:15:17'),
('32', '1', 'admin', 'RETRIEVE_SUBJECT', 'retrieved subject from the archive.', '::1', 'Mozilla/5.0 (Windows NT 10.0; Win64; x64) AppleWebKit/537.36 (KHTML, like Gecko) Chrome/141.0.0.0 Safari/537.36', '2025-10-16 18:15:26'),
('33', '6', 'teacher', 'CREATE_SUBJECT', 'Created subject: Capstone1 1', '::1', 'Mozilla/5.0 (Windows NT 10.0; Win64; x64) AppleWebKit/537.36 (KHTML, like Gecko) Chrome/141.0.0.0 Safari/537.36', '2025-10-16 18:27:33'),
('34', '6', 'teacher', 'UPDATE_SUBJECT', 'Updated subject details: Capstone1 11', '::1', 'Mozilla/5.0 (Windows NT 10.0; Win64; x64) AppleWebKit/537.36 (KHTML, like Gecko) Chrome/141.0.0.0 Safari/537.36', '2025-10-16 18:28:43'),
('35', '6', 'teacher', 'UPDATE_SUBJECT', 'Updated subject details: Capstone1 111', '::1', 'Mozilla/5.0 (Windows NT 10.0; Win64; x64) AppleWebKit/537.36 (KHTML, like Gecko) Chrome/141.0.0.0 Safari/537.36', '2025-10-16 18:29:01'),
('36', '6', 'teacher', 'DROP_SUBJECT', 'Drop a subject.', '::1', 'Mozilla/5.0 (Windows NT 10.0; Win64; x64) AppleWebKit/537.36 (KHTML, like Gecko) Chrome/141.0.0.0 Safari/537.36', '2025-10-16 18:29:20'),
('40', '1', 'admin', 'LOGIN', 'logged in to the system.', '::1', 'Mozilla/5.0 (Windows NT 10.0; Win64; x64) AppleWebKit/537.36 (KHTML, like Gecko) Chrome/141.0.0.0 Safari/537.36', '2025-10-16 19:57:36'),
('41', '1', 'admin', 'LOGIN', 'logged in to the system.', '::1', 'Mozilla/5.0 (Windows NT 10.0; Win64; x64) AppleWebKit/537.36 (KHTML, like Gecko) Chrome/141.0.0.0 Safari/537.36', '2025-10-16 20:19:52'),
('42', '1', 'admin', 'LOGIN', 'logged in to the system.', '::1', 'Mozilla/5.0 (Windows NT 10.0; Win64; x64) AppleWebKit/537.36 (KHTML, like Gecko) Chrome/141.0.0.0 Safari/537.36', '2025-10-16 20:23:34'),
('43', '1', 'admin', 'LOGIN', 'logged in to the system.', '::1', 'Mozilla/5.0 (Windows NT 10.0; Win64; x64) AppleWebKit/537.36 (KHTML, like Gecko) Chrome/141.0.0.0 Safari/537.36', '2025-10-16 20:43:18'),
('44', '1', 'admin', 'LOGIN', 'logged in to the system.', '::1', 'Mozilla/5.0 (Windows NT 10.0; Win64; x64) AppleWebKit/537.36 (KHTML, like Gecko) Chrome/141.0.0.0 Safari/537.36', '2025-10-16 21:13:04'),
('45', '1', 'admin', 'LOGIN', 'logged in to the system.', '::1', 'Mozilla/5.0 (Windows NT 10.0; Win64; x64) AppleWebKit/537.36 (KHTML, like Gecko) Chrome/141.0.0.0 Safari/537.36', '2025-10-16 22:55:08'),
('46', '1', 'admin', 'LOGIN', 'logged in to the system.', '::1', 'Mozilla/5.0 (Windows NT 10.0; Win64; x64) AppleWebKit/537.36 (KHTML, like Gecko) Chrome/141.0.0.0 Safari/537.36', '2025-10-16 22:57:41'),
('47', '1', 'admin', 'LOGIN', 'logged in to the system.', '::1', 'Mozilla/5.0 (Windows NT 10.0; Win64; x64) AppleWebKit/537.36 (KHTML, like Gecko) Chrome/141.0.0.0 Safari/537.36', '2025-10-17 00:01:16'),
('48', '1', 'admin', 'DROP_STUDENT', 'Drop Student Account: Student ID = 70', '::1', 'Mozilla/5.0 (Windows NT 10.0; Win64; x64) AppleWebKit/537.36 (KHTML, like Gecko) Chrome/141.0.0.0 Safari/537.36', '2025-10-17 00:49:24'),
('49', '1', 'admin', 'RETRIEVE_ACCOUNT', 'retrieved student account: Student ID = 70', '::1', 'Mozilla/5.0 (Windows NT 10.0; Win64; x64) AppleWebKit/537.36 (KHTML, like Gecko) Chrome/141.0.0.0 Safari/537.36', '2025-10-17 00:49:30'),
('50', '1', 'admin', 'LOGIN', 'logged in to the system.', '::1', 'Mozilla/5.0 (Windows NT 10.0; Win64; x64) AppleWebKit/537.36 (KHTML, like Gecko) Chrome/141.0.0.0 Safari/537.36', '2025-10-18 01:55:15'),
('51', '1', 'admin', 'LOGIN', 'logged in to the system.', '::1', 'Mozilla/5.0 (Windows NT 10.0; Win64; x64) AppleWebKit/537.36 (KHTML, like Gecko) Chrome/141.0.0.0 Safari/537.36', '2025-10-19 00:16:25'),
('52', '1', 'admin', 'LOGIN', 'logged in to the system.', '::1', 'Mozilla/5.0 (Windows NT 10.0; Win64; x64) AppleWebKit/537.36 (KHTML, like Gecko) Chrome/141.0.0.0 Safari/537.36', '2025-10-19 21:30:01'),
('53', '1', 'admin', 'CREATE_ANNOUNCEMENT', 'created new announcement. Check the Recent Announcement Board.', '::1', 'Mozilla/5.0 (Windows NT 10.0; Win64; x64) AppleWebKit/537.36 (KHTML, like Gecko) Chrome/141.0.0.0 Safari/537.36', '2025-10-19 21:47:54'),
('54', '1', 'admin', 'UPDATE_ANNOUNCEMENT', 'updated announcement details. Check the Recent Announcement Board.', '::1', 'Mozilla/5.0 (Windows NT 10.0; Win64; x64) AppleWebKit/537.36 (KHTML, like Gecko) Chrome/141.0.0.0 Safari/537.36', '2025-10-19 21:56:01'),
('55', '1', 'admin', 'UPDATE_ANNOUNCEMENT', 'updated announcement details. Check the Recent Announcement Board.', '::1', 'Mozilla/5.0 (Windows NT 10.0; Win64; x64) AppleWebKit/537.36 (KHTML, like Gecko) Chrome/141.0.0.0 Safari/537.36', '2025-10-19 21:56:07'),
('56', '1', 'admin', 'CREATE_ANNOUNCEMENT', 'created new announcement. Check the Recent Announcement Board.', '::1', 'Mozilla/5.0 (Windows NT 10.0; Win64; x64) AppleWebKit/537.36 (KHTML, like Gecko) Chrome/141.0.0.0 Safari/537.36', '2025-10-19 21:58:08'),
('57', '2', 'admin', 'LOGIN', 'logged in to the system.', '::1', 'Mozilla/5.0 (Windows NT 10.0; Win64; x64) AppleWebKit/537.36 (KHTML, like Gecko) Chrome/141.0.0.0 Safari/537.36', '2025-10-23 00:29:29'),
('58', '2', 'admin', 'LOGIN', 'logged in to the system.', '::1', 'Mozilla/5.0 (Windows NT 10.0; Win64; x64) AppleWebKit/537.36 (KHTML, like Gecko) Chrome/141.0.0.0 Safari/537.36', '2025-10-23 01:04:24'),
('59', '4', 'admin', 'LOGIN', 'logged in to the system.', '::1', 'Mozilla/5.0 (Windows NT 10.0; Win64; x64) AppleWebKit/537.36 (KHTML, like Gecko) Chrome/141.0.0.0 Safari/537.36', '2025-10-23 02:20:29'),
('60', '2', 'admin', 'LOGIN', 'logged in to the system.', '::1', 'Mozilla/5.0 (Windows NT 10.0; Win64; x64) AppleWebKit/537.36 (KHTML, like Gecko) Chrome/141.0.0.0 Safari/537.36', '2025-10-23 14:07:32'),
('61', '2', 'admin', 'LOGIN', 'logged in to the system.', '::1', 'Mozilla/5.0 (Windows NT 10.0; Win64; x64) AppleWebKit/537.36 (KHTML, like Gecko) Chrome/141.0.0.0 Safari/537.36', '2025-10-23 17:20:34'),
('62', '2', 'admin', 'LOGIN', 'logged in to the system.', '::1', 'Mozilla/5.0 (Windows NT 10.0; Win64; x64) AppleWebKit/537.36 (KHTML, like Gecko) Chrome/141.0.0.0 Safari/537.36', '2025-10-24 04:24:59'),
('63', '4', 'admin', 'LOGIN', 'logged in to the system.', '::1', 'Mozilla/5.0 (Windows NT 10.0; Win64; x64) AppleWebKit/537.36 (KHTML, like Gecko) Chrome/141.0.0.0 Safari/537.36', '2025-10-24 23:45:48'),
('64', '4', 'admin', 'LOGIN', 'logged in to the system.', '::1', 'Mozilla/5.0 (Windows NT 10.0; Win64; x64) AppleWebKit/537.36 (KHTML, like Gecko) Chrome/141.0.0.0 Safari/537.36', '2025-10-24 23:50:03'),
('65', '6', 'admin', 'LOGIN', 'logged in to the system.', '::1', 'Mozilla/5.0 (Windows NT 10.0; Win64; x64) AppleWebKit/537.36 (KHTML, like Gecko) Chrome/141.0.0.0 Safari/537.36', '2025-10-25 00:02:32'),
('66', '7', 'admin', 'LOGIN', 'logged in to the system.', '::1', 'Mozilla/5.0 (Windows NT 10.0; Win64; x64) AppleWebKit/537.36 (KHTML, like Gecko) Chrome/141.0.0.0 Safari/537.36', '2025-10-25 00:19:09'),
('67', '8', 'admin', 'LOGIN', 'logged in to the system.', '::1', 'Mozilla/5.0 (Windows NT 10.0; Win64; x64) AppleWebKit/537.36 (KHTML, like Gecko) Chrome/141.0.0.0 Safari/537.36', '2025-10-25 23:47:44'),
('68', '8', 'admin', 'LOGIN', 'logged in to the system.', '::1', 'Mozilla/5.0 (Windows NT 10.0; Win64; x64) AppleWebKit/537.36 (KHTML, like Gecko) Chrome/141.0.0.0 Safari/537.36', '2025-10-25 23:48:11'),
('69', '8', 'admin', 'LOGIN', 'logged in to the system.', '::1', 'Mozilla/5.0 (Windows NT 10.0; Win64; x64) AppleWebKit/537.36 (KHTML, like Gecko) Chrome/141.0.0.0 Safari/537.36', '2025-10-26 00:31:21'),
('70', '12', 'admin', 'LOGIN', 'logged in to the system.', '::1', 'Mozilla/5.0 (Windows NT 10.0; Win64; x64) AppleWebKit/537.36 (KHTML, like Gecko) Chrome/141.0.0.0 Safari/537.36', '2025-10-26 00:40:29'),
('71', '8', 'admin', 'LOGIN', 'logged in to the system.', '::1', 'Mozilla/5.0 (Windows NT 10.0; Win64; x64) AppleWebKit/537.36 (KHTML, like Gecko) Chrome/141.0.0.0 Safari/537.36', '2025-10-26 01:12:40'),
('72', '8', 'admin', 'LOGIN', 'logged in to the system.', '::1', 'Mozilla/5.0 (Windows NT 10.0; Win64; x64) AppleWebKit/537.36 (KHTML, like Gecko) Chrome/141.0.0.0 Safari/537.36', '2025-10-26 01:19:41'),
('73', '18', 'admin', 'LOGIN', 'logged in to the system.', '::1', 'Mozilla/5.0 (Windows NT 10.0; Win64; x64) AppleWebKit/537.36 (KHTML, like Gecko) Chrome/141.0.0.0 Safari/537.36', '2025-10-26 01:27:53'),
('74', '27', 'admin', 'LOGIN', 'logged in to the system.', '::1', 'Mozilla/5.0 (Windows NT 10.0; Win64; x64) AppleWebKit/537.36 (KHTML, like Gecko) Chrome/141.0.0.0 Safari/537.36', '2025-10-26 22:27:56'),
('75', '8', 'admin', 'LOGIN', 'logged in to the system.', '::1', 'Mozilla/5.0 (Windows NT 10.0; Win64; x64) AppleWebKit/537.36 (KHTML, like Gecko) Chrome/141.0.0.0 Safari/537.36', '2025-10-26 22:31:30'),
('76', '8', 'admin', 'LOGIN', 'logged in to the system.', '::1', 'Mozilla/5.0 (Windows NT 10.0; Win64; x64) AppleWebKit/537.36 (KHTML, like Gecko) Chrome/141.0.0.0 Safari/537.36', '2025-10-27 00:35:01'),
('77', '8', 'admin', 'LOGIN', 'logged in to the system.', '::1', 'Mozilla/5.0 (Windows NT 10.0; Win64; x64) AppleWebKit/537.36 (KHTML, like Gecko) Chrome/141.0.0.0 Safari/537.36', '2025-10-27 00:36:09'),
('78', '8', 'admin', 'LOGIN', 'logged in to the system.', '::1', 'Mozilla/5.0 (Windows NT 10.0; Win64; x64) AppleWebKit/537.36 (KHTML, like Gecko) Chrome/141.0.0.0 Safari/537.36', '2025-10-27 00:38:01'),
('79', '8', 'admin', 'LOGIN', 'logged in to the system.', '::1', 'Mozilla/5.0 (Windows NT 10.0; Win64; x64) AppleWebKit/537.36 (KHTML, like Gecko) Chrome/141.0.0.0 Safari/537.36', '2025-10-27 00:38:32'),
('80', '8', 'admin', 'LOGIN', 'logged in to the system.', '::1', 'Mozilla/5.0 (Windows NT 10.0; Win64; x64) AppleWebKit/537.36 (KHTML, like Gecko) Chrome/141.0.0.0 Safari/537.36', '2025-10-27 00:39:13'),
('81', '8', 'admin', 'RESTORE_DATABASE', 'Restored database from backup file: dbsmati_backup_2025-10-26_17-51-16.sql', '::1', 'Mozilla/5.0 (Windows NT 10.0; Win64; x64) AppleWebKit/537.36 (KHTML, like Gecko) Chrome/141.0.0.0 Safari/537.36', '2025-10-27 00:53:02'),
('82', '8', 'admin', 'CREATE_BACKUP', 'Created database backup: dbsmati_backup_2025-10-26_18-00-25.sql', '::1', 'Mozilla/5.0 (Windows NT 10.0; Win64; x64) AppleWebKit/537.36 (KHTML, like Gecko) Chrome/141.0.0.0 Safari/537.36', '2025-10-27 01:00:25'),
('83', '8', 'admin', 'CREATE_BACKUP', 'Created database backup: dbsmati_backup_2025-10-26_18-00-26.sql', '::1', 'Mozilla/5.0 (Windows NT 10.0; Win64; x64) AppleWebKit/537.36 (KHTML, like Gecko) Chrome/141.0.0.0 Safari/537.36', '2025-10-27 01:00:26'),
('84', '8', 'admin', 'CREATE_BACKUP', 'Created database backup: dbsmati_backup_2025-10-27_01-02-11.sql', '::1', 'Mozilla/5.0 (Windows NT 10.0; Win64; x64) AppleWebKit/537.36 (KHTML, like Gecko) Chrome/141.0.0.0 Safari/537.36', '2025-10-27 01:02:12'),
('85', '8', 'admin', 'CREATE_BACKUP', 'Created database backup: dbsmati_backup_2025-10-27_01-02-12.sql', '::1', 'Mozilla/5.0 (Windows NT 10.0; Win64; x64) AppleWebKit/537.36 (KHTML, like Gecko) Chrome/141.0.0.0 Safari/537.36', '2025-10-27 01:02:13'),
('86', '8', 'admin', 'LOGIN', 'logged in to the system.', '::1', 'Mozilla/5.0 (Windows NT 10.0; Win64; x64) AppleWebKit/537.36 (KHTML, like Gecko) Chrome/141.0.0.0 Safari/537.36', '2025-10-27 01:07:36'),
('87', '8', 'admin', 'LOGIN', 'logged in to the system.', '::1', 'Mozilla/5.0 (Windows NT 10.0; Win64; x64) AppleWebKit/537.36 (KHTML, like Gecko) Chrome/141.0.0.0 Safari/537.36', '2025-10-27 01:07:58'),
('88', '8', 'admin', 'CREATE_BACKUP', 'Created database backup: dbsmati_backup_2025-10-27_01-08-13.sql', '::1', 'Mozilla/5.0 (Windows NT 10.0; Win64; x64) AppleWebKit/537.36 (KHTML, like Gecko) Chrome/141.0.0.0 Safari/537.36', '2025-10-27 01:08:13'),
('89', '8', 'admin', 'CREATE_BACKUP', 'Created database backup: dbsmati_backup_2025-10-27_01-08-14.sql', '::1', 'Mozilla/5.0 (Windows NT 10.0; Win64; x64) AppleWebKit/537.36 (KHTML, like Gecko) Chrome/141.0.0.0 Safari/537.36', '2025-10-27 01:08:14'),
('90', '8', 'admin', 'RESTORE_DATABASE', 'Restored database from backup file: pre_restore_backup_2025-10-27_01-08-35.sql', '::1', 'Mozilla/5.0 (Windows NT 10.0; Win64; x64) AppleWebKit/537.36 (KHTML, like Gecko) Chrome/141.0.0.0 Safari/537.36', '2025-10-27 17:36:52'),
('91', '8', 'admin', 'CREATE_BACKUP', 'Created database backup: dbsmati_backup_2025-10-27_17-43-25.sql', '::1', 'Mozilla/5.0 (Windows NT 10.0; Win64; x64) AppleWebKit/537.36 (KHTML, like Gecko) Chrome/141.0.0.0 Safari/537.36', '2025-10-27 17:43:26'),
('92', '8', 'admin', 'CREATE_BACKUP', 'Created database backup: dbsmati_backup_2025-10-27_17-44-24.sql', '::1', 'Mozilla/5.0 (Windows NT 10.0; Win64; x64) AppleWebKit/537.36 (KHTML, like Gecko) Chrome/141.0.0.0 Safari/537.36', '2025-10-27 17:44:24'),
('93', '8', 'admin', 'CREATE_BACKUP', 'Created database backup: dbsmati_backup_2025-10-27_17-45-07.sql', '::1', 'Mozilla/5.0 (Linux; Android 6.0; Nexus 5 Build/MRA58N) AppleWebKit/537.36 (KHTML, like Gecko) Chrome/141.0.0.0 Mobile Safari/537.36', '2025-10-27 17:45:07'),
('94', '8', 'admin', 'CREATE_BACKUP', 'Created database backup: dbsmati_backup_2025-10-27_17-45-53.sql', '::1', 'Mozilla/5.0 (Linux; Android 6.0; Nexus 5 Build/MRA58N) AppleWebKit/537.36 (KHTML, like Gecko) Chrome/141.0.0.0 Mobile Safari/537.36', '2025-10-27 17:45:54'),
('95', '8', 'admin', 'CREATE_BACKUP', 'Created database backup: dbsmati_backup_2025-10-27_17-46-34.sql', '::1', 'Mozilla/5.0 (Linux; Android 6.0; Nexus 5 Build/MRA58N) AppleWebKit/537.36 (KHTML, like Gecko) Chrome/141.0.0.0 Mobile Safari/537.36', '2025-10-27 17:46:34'),
('96', '8', 'admin', 'RETRIEVE_ACCOUNT', 'retrieved student account: Student ID = 32', '::1', 'Mozilla/5.0 (Windows NT 10.0; Win64; x64) AppleWebKit/537.36 (KHTML, like Gecko) Chrome/141.0.0.0 Safari/537.36', '2025-10-27 17:46:51'),
('97', '8', 'admin', 'CREATE_SCHOOLYEAR', 'created new Schoolyear & Semester: 2026-2027, 1st Semester', '::1', 'Mozilla/5.0 (Windows NT 10.0; Win64; x64) AppleWebKit/537.36 (KHTML, like Gecko) Chrome/141.0.0.0 Safari/537.36', '2025-10-27 17:47:03'),
('98', '8', 'admin', 'CREATE_SCHOOLYEAR', 'created new Schoolyear & Semester: 2026-2027, 1st Semester', '::1', 'Mozilla/5.0 (Windows NT 10.0; Win64; x64) AppleWebKit/537.36 (KHTML, like Gecko) Chrome/141.0.0.0 Safari/537.36', '2025-10-27 17:48:37'),
('99', '8', 'admin', 'DELETE_SCHOOLYEAR', 'deleted schoolyear & semester.', '::1', 'Mozilla/5.0 (Windows NT 10.0; Win64; x64) AppleWebKit/537.36 (KHTML, like Gecko) Chrome/141.0.0.0 Safari/537.36', '2025-10-27 17:48:44'),
('100', '8', 'admin', 'DELETE_SCHOOLYEAR', 'deleted schoolyear & semester.', '::1', 'Mozilla/5.0 (Windows NT 10.0; Win64; x64) AppleWebKit/537.36 (KHTML, like Gecko) Chrome/141.0.0.0 Safari/537.36', '2025-10-27 17:48:48'),
('101', '8', 'admin', 'CREATE_BACKUP', 'Created database backup: dbsmati_backup_2025-10-27_17-48-52.sql', '::1', 'Mozilla/5.0 (Windows NT 10.0; Win64; x64) AppleWebKit/537.36 (KHTML, like Gecko) Chrome/141.0.0.0 Safari/537.36', '2025-10-27 17:48:52'),
('102', '8', 'admin', 'DELETE_SCHOOLYEAR', 'deleted schoolyear & semester.', '::1', 'Mozilla/5.0 (Windows NT 10.0; Win64; x64) AppleWebKit/537.36 (KHTML, like Gecko) Chrome/141.0.0.0 Safari/537.36', '2025-10-27 17:48:52'),
('103', '8', 'admin', 'CREATE_BACKUP', 'Created database backup: dbsmati_backup_2025-10-27_17-49-04.sql', '::1', 'Mozilla/5.0 (Windows NT 10.0; Win64; x64) AppleWebKit/537.36 (KHTML, like Gecko) Chrome/141.0.0.0 Safari/537.36', '2025-10-27 17:49:04'),
('104', '8', 'admin', 'CREATE_BACKUP', 'Created database backup: dbsmati_backup_2025-10-27_17-49-30.sql', '::1', 'Mozilla/5.0 (Windows NT 10.0; Win64; x64) AppleWebKit/537.36 (KHTML, like Gecko) Chrome/141.0.0.0 Safari/537.36', '2025-10-27 17:49:30'),
('105', '8', 'admin', 'CREATE_BACKUP', 'Created database backup: dbsmati_backup_2025-10-27_17-50-16.sql', '::1', 'Mozilla/5.0 (Windows NT 10.0; Win64; x64) AppleWebKit/537.36 (KHTML, like Gecko) Chrome/141.0.0.0 Safari/537.36', '2025-10-27 17:50:16'),
('106', '8', 'admin', 'CREATE_BACKUP', 'Created database backup: dbsmati_backup_2025-10-27_17-55-24.sql', '::1', 'Mozilla/5.0 (Windows NT 10.0; Win64; x64) AppleWebKit/537.36 (KHTML, like Gecko) Chrome/141.0.0.0 Safari/537.36', '2025-10-27 17:55:24'),
('107', '8', 'admin', 'CREATE_BACKUP', 'Created database backup: dbsmati_backup_2025-10-27_17-57-43.sql', '::1', 'Mozilla/5.0 (Windows NT 10.0; Win64; x64) AppleWebKit/537.36 (KHTML, like Gecko) Chrome/141.0.0.0 Safari/537.36', '2025-10-27 17:57:43'),
('108', '8', 'admin', 'CREATE_BACKUP', 'Created database backup: dbsmati_backup_2025-10-27_17-59-38.sql', '::1', 'Mozilla/5.0 (Windows NT 10.0; Win64; x64) AppleWebKit/537.36 (KHTML, like Gecko) Chrome/141.0.0.0 Safari/537.36', '2025-10-27 17:59:38'),
('109', '8', 'admin', 'CREATE_BACKUP', 'Created database backup: dbsmati_backup_2025-10-27_17-59-52.sql', '::1', 'Mozilla/5.0 (Windows NT 10.0; Win64; x64) AppleWebKit/537.36 (KHTML, like Gecko) Chrome/141.0.0.0 Safari/537.36', '2025-10-27 17:59:52'),
('110', '8', 'admin', 'CREATE_BACKUP', 'Created database backup: dbsmati_backup_2025-10-27_18-00-41.sql', '::1', 'Mozilla/5.0 (Windows NT 10.0; Win64; x64) AppleWebKit/537.36 (KHTML, like Gecko) Chrome/141.0.0.0 Safari/537.36', '2025-10-27 18:00:41'),
('111', '8', 'admin', 'CREATE_BACKUP', 'Created database backup: dbsmati_backup_2025-10-27_18-01-10.sql', '::1', 'Mozilla/5.0 (Windows NT 10.0; Win64; x64) AppleWebKit/537.36 (KHTML, like Gecko) Chrome/141.0.0.0 Safari/537.36', '2025-10-27 18:01:11'),
('112', '8', 'admin', 'CREATE_BACKUP', 'Created database backup: dbsmati_backup_2025-10-27_18-01-21.sql', '::1', 'Mozilla/5.0 (Windows NT 10.0; Win64; x64) AppleWebKit/537.36 (KHTML, like Gecko) Chrome/141.0.0.0 Safari/537.36', '2025-10-27 18:01:21'),
('113', '8', 'admin', 'CREATE_BACKUP', 'Created database backup: dbsmati_backup_2025-10-27_18-04-57.sql', '::1', 'Mozilla/5.0 (Windows NT 10.0; Win64; x64) AppleWebKit/537.36 (KHTML, like Gecko) Chrome/141.0.0.0 Safari/537.36', '2025-10-27 18:04:57'),
('114', '8', 'admin', 'CREATE_BACKUP', 'Created database backup: dbsmati_backup_2025-10-27_18-05-00.sql', '::1', 'Mozilla/5.0 (Windows NT 10.0; Win64; x64) AppleWebKit/537.36 (KHTML, like Gecko) Chrome/141.0.0.0 Safari/537.36', '2025-10-27 18:05:00'),
('115', '8', 'admin', 'CREATE_BACKUP', 'Created database backup: dbsmati_backup_2025-10-27_18-05-04.sql', '::1', 'Mozilla/5.0 (Windows NT 10.0; Win64; x64) AppleWebKit/537.36 (KHTML, like Gecko) Chrome/141.0.0.0 Safari/537.36', '2025-10-27 18:05:04'),
('116', '8', 'admin', 'CREATE_BACKUP', 'Created database backup: dbsmati_backup_2025-10-27_18-06-32.sql', '::1', 'Mozilla/5.0 (Windows NT 10.0; Win64; x64) AppleWebKit/537.36 (KHTML, like Gecko) Chrome/141.0.0.0 Safari/537.36', '2025-10-27 18:06:32'),
('117', '8', 'admin', 'CREATE_BACKUP', 'Created database backup: dbsmati_backup_2025-10-27_18-06-47.sql', '::1', 'Mozilla/5.0 (Windows NT 10.0; Win64; x64) AppleWebKit/537.36 (KHTML, like Gecko) Chrome/141.0.0.0 Safari/537.36', '2025-10-27 18:06:47'),
('118', '8', 'admin', 'CREATE_BACKUP', 'Created database backup: dbsmati_backup_2025-10-27_18-07-31.sql', '::1', 'Mozilla/5.0 (Windows NT 10.0; Win64; x64) AppleWebKit/537.36 (KHTML, like Gecko) Chrome/141.0.0.0 Safari/537.36', '2025-10-27 18:07:31'),
('119', '8', 'admin', 'CREATE_BACKUP', 'Created database backup: dbsmati_backup_2025-10-27_18-11-31.sql', '::1', 'Mozilla/5.0 (Windows NT 10.0; Win64; x64) AppleWebKit/537.36 (KHTML, like Gecko) Chrome/141.0.0.0 Safari/537.36', '2025-10-27 18:11:31'),
('120', '8', 'admin', 'CREATE_BACKUP', 'Created database backup: dbsmati_backup_2025-10-27_18-11-52.sql', '::1', 'Mozilla/5.0 (Linux; Android 6.0; Nexus 5 Build/MRA58N) AppleWebKit/537.36 (KHTML, like Gecko) Chrome/141.0.0.0 Mobile Safari/537.36', '2025-10-27 18:11:52'),
('121', '8', 'admin', 'RESTORE_DATABASE', 'Restored database from backup file: dbsmati_backup_2025-10-27_18-11-58.sql', '::1', 'Mozilla/5.0 (Windows NT 10.0; Win64; x64) AppleWebKit/537.36 (KHTML, like Gecko) Chrome/141.0.0.0 Safari/537.36', '2025-10-27 18:33:08'),
('122', '1', 'teacher', 'CREATE_SUBJECT', 'Created subject: INTEG PROG', '::1', 'Mozilla/5.0 (Windows NT 10.0; Win64; x64) AppleWebKit/537.36 (KHTML, like Gecko) Chrome/141.0.0.0 Safari/537.36', '2025-10-28 02:02:04'),
('123', '1', 'teacher', 'UPDATE_SUBJECT', 'Updated subject details: PE3', '::1', 'Mozilla/5.0 (Windows NT 10.0; Win64; x64) AppleWebKit/537.36 (KHTML, like Gecko) Chrome/141.0.0.0 Safari/537.36', '2025-10-28 02:04:40'),
('124', '1', 'teacher', 'UPDATE_SUBJECT', 'Updated subject details: PE 4', '::1', 'Mozilla/5.0 (Windows NT 10.0; Win64; x64) AppleWebKit/537.36 (KHTML, like Gecko) Chrome/141.0.0.0 Safari/537.36', '2025-10-28 02:04:49'),
('125', '1', 'teacher', 'UPDATE_SUBJECT', 'Updated subject details: Programming 2', '::1', 'Mozilla/5.0 (Windows NT 10.0; Win64; x64) AppleWebKit/537.36 (KHTML, like Gecko) Chrome/141.0.0.0 Safari/537.36', '2025-10-28 02:10:30'),
('126', '1', 'teacher', 'UPDATE_SUBJECT', 'Updated subject details: Programming 1', '::1', 'Mozilla/5.0 (Windows NT 10.0; Win64; x64) AppleWebKit/537.36 (KHTML, like Gecko) Chrome/141.0.0.0 Safari/537.36', '2025-10-28 02:10:36'),
('127', '1', 'teacher', 'UPDATE_SUBJECT', 'Updated subject details: SIA', '::1', 'Mozilla/5.0 (Windows NT 10.0; Win64; x64) AppleWebKit/537.36 (KHTML, like Gecko) Chrome/141.0.0.0 Safari/537.36', '2025-10-28 02:10:42'),
('128', '1', 'teacher', 'UPDATE_SUBJECT', 'Updated subject details: HCI', '::1', 'Mozilla/5.0 (Windows NT 10.0; Win64; x64) AppleWebKit/537.36 (KHTML, like Gecko) Chrome/141.0.0.0 Safari/537.36', '2025-10-28 02:10:47'),
('129', '8', 'admin', 'LOGIN', 'logged in to the system.', '::1', 'Mozilla/5.0 (Windows NT 10.0; Win64; x64) AppleWebKit/537.36 (KHTML, like Gecko) Chrome/141.0.0.0 Safari/537.36', '2025-10-28 02:16:58'),
('130', '8', 'admin', 'LOGIN', 'logged in to the system.', '::1', 'Mozilla/5.0 (Windows NT 10.0; Win64; x64) AppleWebKit/537.36 (KHTML, like Gecko) Chrome/141.0.0.0 Safari/537.36', '2025-10-28 02:29:35'),
('131', '8', 'admin', 'CREATE_BACKUP', 'Created database backup: dbsmati_backup_2025-10-28_02-34-36.sql', '::1', 'Mozilla/5.0 (Windows NT 10.0; Win64; x64) AppleWebKit/537.36 (KHTML, like Gecko) Chrome/141.0.0.0 Safari/537.36', '2025-10-28 02:34:37'),
('132', '8', 'admin', 'CREATE_BACKUP', 'Created database backup: dbsmati_backup_2025-10-28_02-34-43.sql', '::1', 'Mozilla/5.0 (Windows NT 10.0; Win64; x64) AppleWebKit/537.36 (KHTML, like Gecko) Chrome/141.0.0.0 Safari/537.36', '2025-10-28 02:34:43'),
('133', '8', 'admin', 'CREATE_BACKUP', 'Created database backup: dbsmati_backup_2025-10-28_02-34-45.sql', '::1', 'Mozilla/5.0 (Windows NT 10.0; Win64; x64) AppleWebKit/537.36 (KHTML, like Gecko) Chrome/141.0.0.0 Safari/537.36', '2025-10-28 02:34:45'),
('134', '8', 'admin', 'CREATE_BACKUP', 'Created database backup: dbsmati_backup_2025-10-28_02-34-48.sql', '::1', 'Mozilla/5.0 (Windows NT 10.0; Win64; x64) AppleWebKit/537.36 (KHTML, like Gecko) Chrome/141.0.0.0 Safari/537.36', '2025-10-28 02:34:48'),
('135', '8', 'admin', 'CREATE_BACKUP', 'Created database backup: dbsmati_backup_2025-10-28_02-35-31.sql', '::1', 'Mozilla/5.0 (Windows NT 10.0; Win64; x64) AppleWebKit/537.36 (KHTML, like Gecko) Chrome/141.0.0.0 Safari/537.36', '2025-10-28 02:35:31'),
('136', '8', 'admin', 'CREATE_BACKUP', 'Created database backup: dbsmati_backup_2025-10-28_02-35-33.sql', '::1', 'Mozilla/5.0 (Windows NT 10.0; Win64; x64) AppleWebKit/537.36 (KHTML, like Gecko) Chrome/141.0.0.0 Safari/537.36', '2025-10-28 02:35:33'),
('137', '8', 'admin', 'CREATE_BACKUP', 'Created database backup: dbsmati_backup_2025-10-28_02-35-34.sql', '::1', 'Mozilla/5.0 (Windows NT 10.0; Win64; x64) AppleWebKit/537.36 (KHTML, like Gecko) Chrome/141.0.0.0 Safari/537.36', '2025-10-28 02:35:35'),
('138', '8', 'admin', 'CREATE_BACKUP', 'Created database backup: dbsmati_backup_2025-10-28_02-35-45.sql', '::1', 'Mozilla/5.0 (Windows NT 10.0; Win64; x64) AppleWebKit/537.36 (KHTML, like Gecko) Chrome/141.0.0.0 Safari/537.36', '2025-10-28 02:35:45'),
('139', '8', 'admin', 'CREATE_BACKUP', 'Created database backup: dbsmati_backup_2025-10-28_02-35-51.sql', '::1', 'Mozilla/5.0 (Windows NT 10.0; Win64; x64) AppleWebKit/537.36 (KHTML, like Gecko) Chrome/141.0.0.0 Safari/537.36', '2025-10-28 02:35:51'),
('140', '8', 'admin', 'LOGIN', 'logged in to the system.', '::1', 'Mozilla/5.0 (Windows NT 10.0; Win64; x64) AppleWebKit/537.36 (KHTML, like Gecko) Chrome/141.0.0.0 Safari/537.36', '2025-10-28 03:02:35'),
('141', '8', 'admin', 'CREATE_BACKUP', 'Created database backup: dbsmati_backup_2025-10-28_03-35-37.sql', '::1', 'Mozilla/5.0 (Linux; Android 6.0; Nexus 5 Build/MRA58N) AppleWebKit/537.36 (KHTML, like Gecko) Chrome/141.0.0.0 Mobile Safari/537.36', '2025-10-28 03:35:37'),
('142', '8', 'admin', 'CREATE_BACKUP', 'Created database backup: dbsmati_backup_2025-10-28_03-36-37.sql', '::1', 'Mozilla/5.0 (Linux; Android 6.0; Nexus 5 Build/MRA58N) AppleWebKit/537.36 (KHTML, like Gecko) Chrome/141.0.0.0 Mobile Safari/537.36', '2025-10-28 03:36:37'),
('143', '8', 'admin', 'CREATE_BACKUP', 'Created database backup: dbsmati_backup_2025-10-28_03-36-39.sql', '::1', 'Mozilla/5.0 (Linux; Android 6.0; Nexus 5 Build/MRA58N) AppleWebKit/537.36 (KHTML, like Gecko) Chrome/141.0.0.0 Mobile Safari/537.36', '2025-10-28 03:36:39'),
('144', '8', 'admin', 'CREATE_BACKUP', 'Created database backup: dbsmati_backup_2025-10-28_03-36-42.sql', '::1', 'Mozilla/5.0 (Linux; Android 6.0; Nexus 5 Build/MRA58N) AppleWebKit/537.36 (KHTML, like Gecko) Chrome/141.0.0.0 Mobile Safari/537.36', '2025-10-28 03:36:42'),
('145', '8', 'admin', 'CREATE_BACKUP', 'Created database backup: dbsmati_backup_2025-10-28_03-37-47.sql', '::1', 'Mozilla/5.0 (Linux; Android 6.0; Nexus 5 Build/MRA58N) AppleWebKit/537.36 (KHTML, like Gecko) Chrome/141.0.0.0 Mobile Safari/537.36', '2025-10-28 03:37:48'),
('146', '8', 'admin', 'CREATE_BACKUP', 'Created database backup: dbsmati_backup_2025-10-28_03-38-26.sql', '::1', 'Mozilla/5.0 (Linux; Android 6.0; Nexus 5 Build/MRA58N) AppleWebKit/537.36 (KHTML, like Gecko) Chrome/141.0.0.0 Mobile Safari/537.36', '2025-10-28 03:38:26'),
('147', '8', 'admin', 'CREATE_BACKUP', 'Created database backup: dbsmati_backup_2025-10-28_03-38-45.sql', '::1', 'Mozilla/5.0 (Windows NT 10.0; Win64; x64) AppleWebKit/537.36 (KHTML, like Gecko) Chrome/141.0.0.0 Safari/537.36', '2025-10-28 03:38:45'),
('148', '8', 'admin', 'CREATE_BACKUP', 'Created database backup: dbsmati_backup_2025-10-28_03-39-09.sql', '::1', 'Mozilla/5.0 (Windows NT 10.0; Win64; x64) AppleWebKit/537.36 (KHTML, like Gecko) Chrome/141.0.0.0 Safari/537.36', '2025-10-28 03:39:10'),
('149', '8', 'admin', 'CREATE_BACKUP', 'Created database backup: dbsmati_backup_2025-10-28_03-39-12.sql', '::1', 'Mozilla/5.0 (Windows NT 10.0; Win64; x64) AppleWebKit/537.36 (KHTML, like Gecko) Chrome/141.0.0.0 Safari/537.36', '2025-10-28 03:39:12'),
('150', '8', 'admin', 'CREATE_BACKUP', 'Created database backup: dbsmati_backup_2025-10-28_03-41-34.sql', '::1', 'Mozilla/5.0 (Linux; Android 6.0; Nexus 5 Build/MRA58N) AppleWebKit/537.36 (KHTML, like Gecko) Chrome/141.0.0.0 Mobile Safari/537.36', '2025-10-28 03:41:34'),
('151', '8', 'admin', 'CREATE_BACKUP', 'Created database backup: dbsmati_backup_2025-10-28_03-41-50.sql', '::1', 'Mozilla/5.0 (Linux; Android 6.0; Nexus 5 Build/MRA58N) AppleWebKit/537.36 (KHTML, like Gecko) Chrome/141.0.0.0 Mobile Safari/537.36', '2025-10-28 03:41:50'),
('152', '8', 'admin', 'CREATE_BACKUP', 'Created database backup: dbsmati_backup_2025-10-28_03-41-52.sql', '::1', 'Mozilla/5.0 (Linux; Android 6.0; Nexus 5 Build/MRA58N) AppleWebKit/537.36 (KHTML, like Gecko) Chrome/141.0.0.0 Mobile Safari/537.36', '2025-10-28 03:41:53'),
('153', '8', 'admin', 'CREATE_BACKUP', 'Created database backup: dbsmati_backup_2025-10-28_04-03-01.sql', '::1', 'Mozilla/5.0 (Linux; Android 6.0; Nexus 5 Build/MRA58N) AppleWebKit/537.36 (KHTML, like Gecko) Chrome/141.0.0.0 Mobile Safari/537.36', '2025-10-28 04:03:01'),
('154', '8', 'admin', 'CREATE_BACKUP', 'Created database backup: dbsmati_backup_2025-10-28_04-04-51.sql', '::1', 'Mozilla/5.0 (Windows NT 10.0; Win64; x64) AppleWebKit/537.36 (KHTML, like Gecko) Chrome/141.0.0.0 Safari/537.36', '2025-10-28 04:04:51'),
('155', '8', 'admin', 'CREATE_BACKUP', 'Created database backup: dbsmati_backup_2025-10-28_04-22-58.sql', '::1', 'Mozilla/5.0 (Linux; Android 6.0; Nexus 5 Build/MRA58N) AppleWebKit/537.36 (KHTML, like Gecko) Chrome/141.0.0.0 Mobile Safari/537.36', '2025-10-28 04:22:58'),
('156', '8', 'admin', 'CREATE_BACKUP', 'Created database backup: dbsmati_backup_2025-10-28_04-23-13.sql', '::1', 'Mozilla/5.0 (Windows NT 10.0; Win64; x64) AppleWebKit/537.36 (KHTML, like Gecko) Chrome/141.0.0.0 Safari/537.36', '2025-10-28 04:23:13'),
('157', '8', 'admin', 'RESTORE_DATABASE', 'Restored database from backup file: dbsmati_backup_2025-10-28_04-29-16.sql', '::1', 'Mozilla/5.0 (Windows NT 10.0; Win64; x64) AppleWebKit/537.36 (KHTML, like Gecko) Chrome/141.0.0.0 Safari/537.36', '2025-10-28 04:36:38'),
('158', '8', 'admin', 'LOGIN', 'logged in to the system.', '::1', 'Mozilla/5.0 (Windows NT 10.0; Win64; x64) AppleWebKit/537.36 (KHTML, like Gecko) Chrome/141.0.0.0 Safari/537.36', '2025-10-28 04:50:29'),
('159', '8', 'admin', 'LOGIN', 'logged in to the system.', '::1', 'Mozilla/5.0 (Windows NT 10.0; Win64; x64) AppleWebKit/537.36 (KHTML, like Gecko) Chrome/141.0.0.0 Safari/537.36', '2025-10-30 01:39:32'),
('160', '8', 'admin', 'CREATE_REGISTRAR', 'Created registrar account: Registrar, 1', '::1', 'Mozilla/5.0 (Windows NT 10.0; Win64; x64) AppleWebKit/537.36 (KHTML, like Gecko) Chrome/141.0.0.0 Safari/537.36', '2025-10-30 02:01:09'),
('161', '8', 'admin', 'UPDATE_STUDENT', 'Updated registrar account: Registrar ID = 1', '::1', 'Mozilla/5.0 (Windows NT 10.0; Win64; x64) AppleWebKit/537.36 (KHTML, like Gecko) Chrome/141.0.0.0 Safari/537.36', '2025-10-30 02:15:11'),
('162', '8', 'admin', 'DROP_STUDENT', 'Drop registrar Account: Registrar ID = 1', '::1', 'Mozilla/5.0 (Windows NT 10.0; Win64; x64) AppleWebKit/537.36 (KHTML, like Gecko) Chrome/141.0.0.0 Safari/537.36', '2025-10-30 02:15:21'),
('163', '8', 'admin', 'RETRIEVE_REGISTRAR', 'retrieved registrar from the archive.', '::1', 'Mozilla/5.0 (Windows NT 10.0; Win64; x64) AppleWebKit/537.36 (KHTML, like Gecko) Chrome/141.0.0.0 Safari/537.36', '2025-10-30 02:28:49'),
('164', '8', 'admin', 'LOGIN', 'logged in to the system.', '::1', 'Mozilla/5.0 (Windows NT 10.0; Win64; x64) AppleWebKit/537.36 (KHTML, like Gecko) Chrome/141.0.0.0 Safari/537.36', '2025-10-30 04:16:38'),
('165', '8', 'admin', 'CREATE_STUDENT', 'Created student account: test, test (Set: A)', '::1', 'Mozilla/5.0 (Windows NT 10.0; Win64; x64) AppleWebKit/537.36 (KHTML, like Gecko) Chrome/141.0.0.0 Safari/537.36', '2025-10-30 04:35:17'),
('166', '8', 'admin', 'CREATE_STUDENT', 'Created student account: asdasd, asdasd (Set: A)', '::1', 'Mozilla/5.0 (Windows NT 10.0; Win64; x64) AppleWebKit/537.36 (KHTML, like Gecko) Chrome/141.0.0.0 Safari/537.36', '2025-10-30 04:36:11'),
('167', '8', 'admin', 'CREATE_STUDENT', 'Created student account: asdasd, asdasd (Set: A)', '::1', 'Mozilla/5.0 (Windows NT 10.0; Win64; x64) AppleWebKit/537.36 (KHTML, like Gecko) Chrome/141.0.0.0 Safari/537.36', '2025-10-30 04:36:25'),
('168', '8', 'admin', 'CREATE_STUDENT', 'Created student account: asdasd, asdasd (Set: A)', '::1', 'Mozilla/5.0 (Windows NT 10.0; Win64; x64) AppleWebKit/537.36 (KHTML, like Gecko) Chrome/141.0.0.0 Safari/537.36', '2025-10-30 04:38:50'),
('169', '8', 'admin', 'CREATE_STUDENT', 'Created student account: asdasd, asdasdasd (Set: A)', '::1', 'Mozilla/5.0 (Windows NT 10.0; Win64; x64) AppleWebKit/537.36 (KHTML, like Gecko) Chrome/141.0.0.0 Safari/537.36', '2025-10-30 04:47:55'),
('170', '8', 'admin', 'UPDATE_STUDENT', 'Updated student account: Student ID = 75', '::1', 'Mozilla/5.0 (Windows NT 10.0; Win64; x64) AppleWebKit/537.36 (KHTML, like Gecko) Chrome/141.0.0.0 Safari/537.36', '2025-10-30 04:56:36'),
('171', '8', 'admin', 'UPDATE_STUDENT', 'Updated student account: Student ID = 45', '::1', 'Mozilla/5.0 (Windows NT 10.0; Win64; x64) AppleWebKit/537.36 (KHTML, like Gecko) Chrome/141.0.0.0 Safari/537.36', '2025-10-30 04:56:59'),
('172', '8', 'admin', 'UPDATE_STUDENT', 'Updated student account: Student ID = 45', '::1', 'Mozilla/5.0 (Windows NT 10.0; Win64; x64) AppleWebKit/537.36 (KHTML, like Gecko) Chrome/141.0.0.0 Safari/537.36', '2025-10-30 05:00:28'),
('173', '8', 'admin', 'UPDATE_STUDENT', 'Updated student account: Student ID = 45', '::1', 'Mozilla/5.0 (Windows NT 10.0; Win64; x64) AppleWebKit/537.36 (KHTML, like Gecko) Chrome/141.0.0.0 Safari/537.36', '2025-10-30 05:06:53'),
('174', '8', 'admin', 'CREATE_STUDENT', 'Created student account: test, test (Set: B)', '::1', 'Mozilla/5.0 (Windows NT 10.0; Win64; x64) AppleWebKit/537.36 (KHTML, like Gecko) Chrome/141.0.0.0 Safari/537.36', '2025-10-30 05:13:37'),
('175', '8', 'admin', 'CREATE_STUDENT', 'Created student account: asdasdd, asdasd (Set: A)', '::1', 'Mozilla/5.0 (Windows NT 10.0; Win64; x64) AppleWebKit/537.36 (KHTML, like Gecko) Chrome/141.0.0.0 Safari/537.36', '2025-10-30 06:11:45'),
('176', '8', 'admin', 'CREATE_STUDENT', 'Created student account: asdasd, asdasda (Set: A)', '::1', 'Mozilla/5.0 (Windows NT 10.0; Win64; x64) AppleWebKit/537.36 (KHTML, like Gecko) Chrome/141.0.0.0 Safari/537.36', '2025-10-30 06:15:03'),
('177', '8', 'admin', 'CREATE_STUDENT', 'Created student account: asdasd, asdasda (Set: A)', '::1', 'Mozilla/5.0 (Windows NT 10.0; Win64; x64) AppleWebKit/537.36 (KHTML, like Gecko) Chrome/141.0.0.0 Safari/537.36', '2025-10-30 06:20:14'),
('178', '8', 'admin', 'CREATE_STUDENT', 'Created student account: asdasd, asdasd (Set: A)', '::1', 'Mozilla/5.0 (Windows NT 10.0; Win64; x64) AppleWebKit/537.36 (KHTML, like Gecko) Chrome/141.0.0.0 Safari/537.36', '2025-10-30 06:22:21'),
('179', '8', 'admin', 'CREATE_STUDENT', 'Created student account: asdasdas, asdasd (Set: A)', '::1', 'Mozilla/5.0 (Windows NT 10.0; Win64; x64) AppleWebKit/537.36 (KHTML, like Gecko) Chrome/141.0.0.0 Safari/537.36', '2025-10-30 06:24:05'),
('180', '8', 'admin', 'CREATE_STUDENT', 'Created student account: asdasd, asdasdasd (Set: A)', '::1', 'Mozilla/5.0 (Windows NT 10.0; Win64; x64) AppleWebKit/537.36 (KHTML, like Gecko) Chrome/141.0.0.0 Safari/537.36', '2025-10-30 06:29:13'),
('181', '8', 'admin', 'CREATE_STUDENT', 'Created student account: adsasd, asdasdas (Set: A)', '::1', 'Mozilla/5.0 (Windows NT 10.0; Win64; x64) AppleWebKit/537.36 (KHTML, like Gecko) Chrome/141.0.0.0 Safari/537.36', '2025-10-30 06:31:30'),
('182', '8', 'admin', 'CREATE_STUDENT', 'Created student account: asdasdasd, asdasdas (Set: A)', '::1', 'Mozilla/5.0 (Windows NT 10.0; Win64; x64) AppleWebKit/537.36 (KHTML, like Gecko) Chrome/141.0.0.0 Safari/537.36', '2025-10-30 06:32:24'),
('183', '8', 'admin', 'UPDATE_STUDENT', 'Updated student account: Student ID = 32', '::1', 'Mozilla/5.0 (Windows NT 10.0; Win64; x64) AppleWebKit/537.36 (KHTML, like Gecko) Chrome/141.0.0.0 Safari/537.36', '2025-10-30 06:51:24'),
('184', '8', 'admin', 'UPDATE_STUDENT', 'Updated student account: Student ID = 32', '::1', 'Mozilla/5.0 (Windows NT 10.0; Win64; x64) AppleWebKit/537.36 (KHTML, like Gecko) Chrome/141.0.0.0 Safari/537.36', '2025-10-30 06:51:40'),
('185', '8', 'admin', 'UPDATE_STUDENT', 'Updated student account: Student ID = 32', '::1', 'Mozilla/5.0 (Windows NT 10.0; Win64; x64) AppleWebKit/537.36 (KHTML, like Gecko) Chrome/141.0.0.0 Safari/537.36', '2025-10-30 06:52:26'),
('186', '8', 'admin', 'CREATE_STUDENT', 'Created student account: asdasd, asdasd (Set: A)', '::1', 'Mozilla/5.0 (Windows NT 10.0; Win64; x64) AppleWebKit/537.36 (KHTML, like Gecko) Chrome/141.0.0.0 Safari/537.36', '2025-10-30 06:59:50'),
('187', '8', 'admin', 'CREATE_STUDENT', 'Created student account: asdasdas, asdasd (Set: A)', '::1', 'Mozilla/5.0 (Windows NT 10.0; Win64; x64) AppleWebKit/537.36 (KHTML, like Gecko) Chrome/141.0.0.0 Safari/537.36', '2025-10-30 07:02:23'),
('188', '8', 'admin', 'UPDATE_STUDENT', 'Updated student account: Student ID = 32', '::1', 'Mozilla/5.0 (Windows NT 10.0; Win64; x64) AppleWebKit/537.36 (KHTML, like Gecko) Chrome/141.0.0.0 Safari/537.36', '2025-10-30 07:06:39'),
('189', '8', 'admin', 'UPDATE_STUDENT', 'Updated student account: Student ID = 32', '::1', 'Mozilla/5.0 (Windows NT 10.0; Win64; x64) AppleWebKit/537.36 (KHTML, like Gecko) Chrome/141.0.0.0 Safari/537.36', '2025-10-30 07:09:04'),
('190', '8', 'admin', 'UPDATE_STUDENT', 'Updated student account: Student ID = 32', '::1', 'Mozilla/5.0 (Windows NT 10.0; Win64; x64) AppleWebKit/537.36 (KHTML, like Gecko) Chrome/141.0.0.0 Safari/537.36', '2025-10-30 07:27:26'),
('191', '8', 'admin', 'UPDATE_STUDENT', 'Updated student account: Student ID = 32', '::1', 'Mozilla/5.0 (Windows NT 10.0; Win64; x64) AppleWebKit/537.36 (KHTML, like Gecko) Chrome/141.0.0.0 Safari/537.36', '2025-10-30 07:27:46'),
('192', '8', 'admin', 'UPDATE_STUDENT', 'Updated student account: Student ID = 32', '::1', 'Mozilla/5.0 (Windows NT 10.0; Win64; x64) AppleWebKit/537.36 (KHTML, like Gecko) Chrome/141.0.0.0 Safari/537.36', '2025-10-30 07:28:01'),
('193', '8', 'admin', 'UPDATE_STUDENT', 'Updated student account: Student ID = 45', '::1', 'Mozilla/5.0 (Windows NT 10.0; Win64; x64) AppleWebKit/537.36 (KHTML, like Gecko) Chrome/141.0.0.0 Safari/537.36', '2025-10-30 07:35:08'),
('194', '8', 'admin', 'LOGIN', 'logged in to the system.', '::1', 'Mozilla/5.0 (Windows NT 10.0; Win64; x64) AppleWebKit/537.36 (KHTML, like Gecko) Chrome/141.0.0.0 Safari/537.36', '2025-10-30 07:36:51'),
('195', '8', 'admin', 'LOGIN', 'logged in to the system.', '::1', 'Mozilla/5.0 (Windows NT 10.0; Win64; x64) AppleWebKit/537.36 (KHTML, like Gecko) Chrome/141.0.0.0 Safari/537.36', '2025-10-30 07:37:46'),
('196', '8', 'admin', 'UPDATE_STUDENT', 'Updated student account: Student ID = 32', '::1', 'Mozilla/5.0 (Windows NT 10.0; Win64; x64) AppleWebKit/537.36 (KHTML, like Gecko) Chrome/141.0.0.0 Safari/537.36', '2025-10-30 07:41:19'),
('197', '8', 'admin', 'UPDATE_TEACHER', 'Updated teacher account: Teacher ID = 1', '::1', 'Mozilla/5.0 (Windows NT 10.0; Win64; x64) AppleWebKit/537.36 (KHTML, like Gecko) Chrome/141.0.0.0 Safari/537.36', '2025-10-30 07:42:55'),
('198', '8', 'admin', 'LOGIN', 'logged in to the system.', '::1', 'Mozilla/5.0 (Windows NT 10.0; Win64; x64) AppleWebKit/537.36 (KHTML, like Gecko) Chrome/141.0.0.0 Safari/537.36', '2025-10-30 07:43:31'),
('199', '8', 'admin', 'UPDATE_TEACHER', 'Updated teacher account: Teacher ID = 3', '::1', 'Mozilla/5.0 (Windows NT 10.0; Win64; x64) AppleWebKit/537.36 (KHTML, like Gecko) Chrome/141.0.0.0 Safari/537.36', '2025-10-30 07:45:18'),
('200', '8', 'admin', 'UPDATE_REGISTRAR', 'Updated registrar account: Registrar ID = 1', '::1', 'Mozilla/5.0 (Windows NT 10.0; Win64; x64) AppleWebKit/537.36 (KHTML, like Gecko) Chrome/141.0.0.0 Safari/537.36', '2025-10-30 07:55:23'),
('201', '8', 'admin', 'UPDATE_REGISTRAR', 'Updated registrar account: Registrar ID = 1', '::1', 'Mozilla/5.0 (Windows NT 10.0; Win64; x64) AppleWebKit/537.36 (KHTML, like Gecko) Chrome/141.0.0.0 Safari/537.36', '2025-10-30 07:55:33'),
('202', '8', 'admin', 'LOGIN', 'logged in to the system.', '::1', 'Mozilla/5.0 (Windows NT 10.0; Win64; x64) AppleWebKit/537.36 (KHTML, like Gecko) Chrome/142.0.0.0 Safari/537.36', '2025-10-31 00:51:50'),
('203', '8', 'admin', 'CREATE_BACKUP', 'Created database backup: dbsmati_backup_2025-10-31_00-52-01.sql', '::1', 'Mozilla/5.0 (Windows NT 10.0; Win64; x64) AppleWebKit/537.36 (KHTML, like Gecko) Chrome/142.0.0.0 Safari/537.36', '2025-10-31 00:52:01'),
('204', '8', 'admin', 'UPDATE_STUDENT', 'Updated student account: Student ID = 45', '::1', 'Mozilla/5.0 (Windows NT 10.0; Win64; x64) AppleWebKit/537.36 (KHTML, like Gecko) Chrome/142.0.0.0 Safari/537.36', '2025-10-31 01:02:06'),
('205', '8', 'admin', 'UPDATE_STUDENT', 'Updated student account: Student ID = 45', '::1', 'Mozilla/5.0 (Windows NT 10.0; Win64; x64) AppleWebKit/537.36 (KHTML, like Gecko) Chrome/142.0.0.0 Safari/537.36', '2025-10-31 01:02:27'),
('206', '8', 'admin', 'UPDATE_STUDENT', 'Updated student account: Student ID = 45', '::1', 'Mozilla/5.0 (Windows NT 10.0; Win64; x64) AppleWebKit/537.36 (KHTML, like Gecko) Chrome/142.0.0.0 Safari/537.36', '2025-10-31 01:02:47'),
('207', '8', 'admin', 'LOGIN', 'logged in to the system.', '::1', 'Mozilla/5.0 (Windows NT 10.0; Win64; x64) AppleWebKit/537.36 (KHTML, like Gecko) Chrome/142.0.0.0 Safari/537.36', '2025-10-31 01:03:57'),
('208', '8', 'admin', 'UPDATE_STUDENT', 'Updated student account: Student ID = 45', '::1', 'Mozilla/5.0 (Windows NT 10.0; Win64; x64) AppleWebKit/537.36 (KHTML, like Gecko) Chrome/142.0.0.0 Safari/537.36', '2025-10-31 01:04:22'),
('209', '8', 'admin', 'UPDATE_STUDENT', 'Updated student account: Student ID = 45', '::1', 'Mozilla/5.0 (Windows NT 10.0; Win64; x64) AppleWebKit/537.36 (KHTML, like Gecko) Chrome/142.0.0.0 Safari/537.36', '2025-10-31 01:09:57'),
('210', '8', 'admin', 'LOGIN', 'logged in to the system.', '::1', 'Mozilla/5.0 (Windows NT 10.0; Win64; x64) AppleWebKit/537.36 (KHTML, like Gecko) Chrome/142.0.0.0 Safari/537.36', '2025-10-31 01:10:38'),
('211', '8', 'admin', 'UPDATE_STUDENT', 'Updated student account: Student ID = 45', '::1', 'Mozilla/5.0 (Windows NT 10.0; Win64; x64) AppleWebKit/537.36 (KHTML, like Gecko) Chrome/142.0.0.0 Safari/537.36', '2025-10-31 01:11:05'),
('212', '8', 'admin', 'UPDATE_STUDENT', 'Updated student account: Student ID = 45', '::1', 'Mozilla/5.0 (Windows NT 10.0; Win64; x64) AppleWebKit/537.36 (KHTML, like Gecko) Chrome/142.0.0.0 Safari/537.36', '2025-10-31 01:11:26'),
('213', '8', 'admin', 'UPDATE_STUDENT', 'Updated student account: Student ID = 45', '::1', 'Mozilla/5.0 (Windows NT 10.0; Win64; x64) AppleWebKit/537.36 (KHTML, like Gecko) Chrome/142.0.0.0 Safari/537.36', '2025-10-31 01:11:27'),
('214', '8', 'admin', 'UPDATE_STUDENT', 'Updated student account: Student ID = 45', '::1', 'Mozilla/5.0 (Windows NT 10.0; Win64; x64) AppleWebKit/537.36 (KHTML, like Gecko) Chrome/142.0.0.0 Safari/537.36', '2025-10-31 01:11:41'),
('215', '8', 'admin', 'UPDATE_STUDENT', 'Updated student account: Student ID = 45', '::1', 'Mozilla/5.0 (Windows NT 10.0; Win64; x64) AppleWebKit/537.36 (KHTML, like Gecko) Chrome/142.0.0.0 Safari/537.36', '2025-10-31 01:12:37'),
('216', '8', 'admin', 'UPDATE_STUDENT', 'Updated student account: Student ID = 45', '::1', 'Mozilla/5.0 (Windows NT 10.0; Win64; x64) AppleWebKit/537.36 (KHTML, like Gecko) Chrome/142.0.0.0 Safari/537.36', '2025-10-31 01:15:40'),
('217', '8', 'admin', 'LOGIN', 'logged in to the system.', '::1', 'Mozilla/5.0 (Windows NT 10.0; Win64; x64) AppleWebKit/537.36 (KHTML, like Gecko) Chrome/142.0.0.0 Safari/537.36', '2025-10-31 01:15:54'),
('218', '8', 'admin', 'UPDATE_STUDENT', 'Updated student account: Student ID = 45', '::1', 'Mozilla/5.0 (Windows NT 10.0; Win64; x64) AppleWebKit/537.36 (KHTML, like Gecko) Chrome/142.0.0.0 Safari/537.36', '2025-10-31 01:16:02'),
('219', '8', 'admin', 'UPDATE_STUDENT', 'Updated student account: Student ID = 45', '::1', 'Mozilla/5.0 (Windows NT 10.0; Win64; x64) AppleWebKit/537.36 (KHTML, like Gecko) Chrome/142.0.0.0 Safari/537.36', '2025-10-31 01:17:45'),
('220', '8', 'admin', 'UPDATE_STUDENT', 'Updated student account: Student ID = 45', '::1', 'Mozilla/5.0 (Windows NT 10.0; Win64; x64) AppleWebKit/537.36 (KHTML, like Gecko) Chrome/142.0.0.0 Safari/537.36', '2025-10-31 01:17:45'),
('221', '8', 'admin', 'CREATE_STUDENT', 'Created student account: test, test (Set: A)', '::1', 'Mozilla/5.0 (Windows NT 10.0; Win64; x64) AppleWebKit/537.36 (KHTML, like Gecko) Chrome/142.0.0.0 Safari/537.36', '2025-10-31 01:18:52'),
('222', '8', 'admin', 'UPDATE_STUDENT', 'Updated student account: Student ID = 45', '::1', 'Mozilla/5.0 (Windows NT 10.0; Win64; x64) AppleWebKit/537.36 (KHTML, like Gecko) Chrome/142.0.0.0 Safari/537.36', '2025-10-31 01:18:52'),
('223', '8', 'admin', 'CREATE_STUDENT', 'Created student account: asdasdas, asdasdas (Set: A)', '::1', 'Mozilla/5.0 (Windows NT 10.0; Win64; x64) AppleWebKit/537.36 (KHTML, like Gecko) Chrome/142.0.0.0 Safari/537.36', '2025-10-31 01:19:20'),
('224', '8', 'admin', 'CREATE_STUDENT', 'Created student account: asdasda, adadasd (Set: A)', '::1', 'Mozilla/5.0 (Windows NT 10.0; Win64; x64) AppleWebKit/537.36 (KHTML, like Gecko) Chrome/142.0.0.0 Safari/537.36', '2025-10-31 01:19:47'),
('225', '8', 'admin', 'UPDATE_STUDENT', 'Updated student account: Student ID = 45', '::1', 'Mozilla/5.0 (Windows NT 10.0; Win64; x64) AppleWebKit/537.36 (KHTML, like Gecko) Chrome/142.0.0.0 Safari/537.36', '2025-10-31 01:19:47'),
('226', '8', 'admin', 'UPDATE_STUDENT', 'Updated student account: Student ID = 45', '::1', 'Mozilla/5.0 (Windows NT 10.0; Win64; x64) AppleWebKit/537.36 (KHTML, like Gecko) Chrome/142.0.0.0 Safari/537.36', '2025-10-31 01:21:22'),
('227', '8', 'admin', 'CREATE_STUDENT', 'Created student account: adasd, asdad (Set: A)', '::1', 'Mozilla/5.0 (Windows NT 10.0; Win64; x64) AppleWebKit/537.36 (KHTML, like Gecko) Chrome/142.0.0.0 Safari/537.36', '2025-10-31 01:21:50'),
('228', '8', 'admin', 'UPDATE_STUDENT', 'Updated student account: Student ID = 45', '::1', 'Mozilla/5.0 (Windows NT 10.0; Win64; x64) AppleWebKit/537.36 (KHTML, like Gecko) Chrome/142.0.0.0 Safari/537.36', '2025-10-31 01:21:50'),
('229', '8', 'admin', 'CREATE_STUDENT', 'Created student account: asdasd, asdasd (Set: A)', '::1', 'Mozilla/5.0 (Windows NT 10.0; Win64; x64) AppleWebKit/537.36 (KHTML, like Gecko) Chrome/142.0.0.0 Safari/537.36', '2025-10-31 01:22:45'),
('230', '8', 'admin', 'UPDATE_STUDENT', 'Updated student account: Student ID = 45', '::1', 'Mozilla/5.0 (Windows NT 10.0; Win64; x64) AppleWebKit/537.36 (KHTML, like Gecko) Chrome/142.0.0.0 Safari/537.36', '2025-10-31 01:23:39'),
('231', '8', 'admin', 'UPDATE_STUDENT', 'Updated student account: Student ID = 45', '::1', 'Mozilla/5.0 (Windows NT 10.0; Win64; x64) AppleWebKit/537.36 (KHTML, like Gecko) Chrome/142.0.0.0 Safari/537.36', '2025-10-31 01:23:42'),
('232', '8', 'admin', 'UPDATE_STUDENT', 'Updated student account: Student ID = 45', '::1', 'Mozilla/5.0 (Windows NT 10.0; Win64; x64) AppleWebKit/537.36 (KHTML, like Gecko) Chrome/142.0.0.0 Safari/537.36', '2025-10-31 01:23:48'),
('233', '8', 'admin', 'CREATE_STUDENT', 'Created student account: ASadads, asdasd (Set: A)', '::1', 'Mozilla/5.0 (Windows NT 10.0; Win64; x64) AppleWebKit/537.36 (KHTML, like Gecko) Chrome/142.0.0.0 Safari/537.36', '2025-10-31 01:24:13'),
('234', '8', 'admin', 'CREATE_STUDENT', 'Created student account: ASadads, asdasd (Set: A)', '::1', 'Mozilla/5.0 (Windows NT 10.0; Win64; x64) AppleWebKit/537.36 (KHTML, like Gecko) Chrome/142.0.0.0 Safari/537.36', '2025-10-31 01:24:32'),
('235', '8', 'admin', 'UPDATE_STUDENT', 'Updated student account: Student ID = 45', '::1', 'Mozilla/5.0 (Windows NT 10.0; Win64; x64) AppleWebKit/537.36 (KHTML, like Gecko) Chrome/142.0.0.0 Safari/537.36', '2025-10-31 01:27:32'),
('236', '8', 'admin', 'UPDATE_STUDENT', 'Updated student account: Student ID = 45', '::1', 'Mozilla/5.0 (Windows NT 10.0; Win64; x64) AppleWebKit/537.36 (KHTML, like Gecko) Chrome/142.0.0.0 Safari/537.36', '2025-10-31 01:28:46'),
('237', '8', 'admin', 'UPDATE_STUDENT', 'Updated student account: Student ID = 45', '::1', 'Mozilla/5.0 (Windows NT 10.0; Win64; x64) AppleWebKit/537.36 (KHTML, like Gecko) Chrome/142.0.0.0 Safari/537.36', '2025-10-31 01:29:13'),
('238', '8', 'admin', 'UPDATE_STUDENT', 'Updated student account: Student ID = 45', '::1', 'Mozilla/5.0 (Windows NT 10.0; Win64; x64) AppleWebKit/537.36 (KHTML, like Gecko) Chrome/142.0.0.0 Safari/537.36', '2025-10-31 01:37:35'),
('239', '8', 'admin', 'UPDATE_STUDENT', 'Updated student account: Student ID = 45', '::1', 'Mozilla/5.0 (Windows NT 10.0; Win64; x64) AppleWebKit/537.36 (KHTML, like Gecko) Chrome/142.0.0.0 Safari/537.36', '2025-10-31 01:38:08'),
('240', '8', 'admin', 'UPDATE_STUDENT', 'Updated student account: Student ID = 45', '::1', 'Mozilla/5.0 (Windows NT 10.0; Win64; x64) AppleWebKit/537.36 (KHTML, like Gecko) Chrome/142.0.0.0 Safari/537.36', '2025-10-31 01:38:20'),
('241', '8', 'admin', 'UPDATE_STUDENT', 'Updated student account: Student ID = 45', '::1', 'Mozilla/5.0 (Windows NT 10.0; Win64; x64) AppleWebKit/537.36 (KHTML, like Gecko) Chrome/142.0.0.0 Safari/537.36', '2025-10-31 01:39:18'),
('242', '8', 'admin', 'CREATE_STUDENT', 'Created student account: test, test (Set: A)', '::1', 'Mozilla/5.0 (Windows NT 10.0; Win64; x64) AppleWebKit/537.36 (KHTML, like Gecko) Chrome/142.0.0.0 Safari/537.36', '2025-10-31 01:39:31'),
('243', '8', 'admin', 'CREATE_STUDENT', 'Created student account: asdads, asdasd (Set: A)', '::1', 'Mozilla/5.0 (Windows NT 10.0; Win64; x64) AppleWebKit/537.36 (KHTML, like Gecko) Chrome/142.0.0.0 Safari/537.36', '2025-10-31 01:42:45'),
('244', '8', 'admin', 'CREATE_STUDENT', 'Created student account: test, test (Set: A)', '::1', 'Mozilla/5.0 (Windows NT 10.0; Win64; x64) AppleWebKit/537.36 (KHTML, like Gecko) Chrome/142.0.0.0 Safari/537.36', '2025-10-31 01:43:15'),
('245', '8', 'admin', 'UPDATE_STUDENT', 'Updated student account: Student ID = 45', '::1', 'Mozilla/5.0 (Windows NT 10.0; Win64; x64) AppleWebKit/537.36 (KHTML, like Gecko) Chrome/142.0.0.0 Safari/537.36', '2025-10-31 01:45:10'),
('246', '8', 'admin', 'UPDATE_STUDENT', 'Updated student account: Student ID = 45', '::1', 'Mozilla/5.0 (Windows NT 10.0; Win64; x64) AppleWebKit/537.36 (KHTML, like Gecko) Chrome/142.0.0.0 Safari/537.36', '2025-10-31 01:46:33'),
('247', '8', 'admin', 'UPDATE_STUDENT', 'Updated student account: Student ID = 46', '::1', 'Mozilla/5.0 (Windows NT 10.0; Win64; x64) AppleWebKit/537.36 (KHTML, like Gecko) Chrome/142.0.0.0 Safari/537.36', '2025-10-31 01:46:45'),
('248', '8', 'admin', 'UPDATE_STUDENT', 'Updated student account: Student ID = 45', '::1', 'Mozilla/5.0 (Windows NT 10.0; Win64; x64) AppleWebKit/537.36 (KHTML, like Gecko) Chrome/142.0.0.0 Safari/537.36', '2025-10-31 01:47:15'),
('249', '8', 'admin', 'UPDATE_STUDENT', 'Updated student account: Student ID = 45', '::1', 'Mozilla/5.0 (Windows NT 10.0; Win64; x64) AppleWebKit/537.36 (KHTML, like Gecko) Chrome/142.0.0.0 Safari/537.36', '2025-10-31 01:47:53'),
('250', '8', 'admin', 'UPDATE_STUDENT', 'Updated student account: Student ID = 100', '::1', 'Mozilla/5.0 (Windows NT 10.0; Win64; x64) AppleWebKit/537.36 (KHTML, like Gecko) Chrome/142.0.0.0 Safari/537.36', '2025-10-31 01:48:32'),
('251', '8', 'admin', 'CREATE_REGISTRAR', 'Created registrar account: reg, reg', '::1', 'Mozilla/5.0 (Windows NT 10.0; Win64; x64) AppleWebKit/537.36 (KHTML, like Gecko) Chrome/142.0.0.0 Safari/537.36', '2025-10-31 01:51:39'),
('252', '8', 'admin', 'UPDATE_STUDENT', 'Updated student account: Student ID = 45', '::1', 'Mozilla/5.0 (Windows NT 10.0; Win64; x64) AppleWebKit/537.36 (KHTML, like Gecko) Chrome/142.0.0.0 Safari/537.36', '2025-10-31 01:55:26'),
('253', '8', 'admin', 'UPDATE_STUDENT', 'Updated student account: Student ID = 45', '::1', 'Mozilla/5.0 (Windows NT 10.0; Win64; x64) AppleWebKit/537.36 (KHTML, like Gecko) Chrome/142.0.0.0 Safari/537.36', '2025-10-31 01:55:37'),
('254', '8', 'admin', 'UPDATE_STUDENT', 'Updated student account: Student ID = 45', '::1', 'Mozilla/5.0 (Windows NT 10.0; Win64; x64) AppleWebKit/537.36 (KHTML, like Gecko) Chrome/142.0.0.0 Safari/537.36', '2025-10-31 02:02:25'),
('255', '8', 'admin', 'CREATE_STUDENT', 'Created student account: asdasd, asdasd (Set: A)', '::1', 'Mozilla/5.0 (Windows NT 10.0; Win64; x64) AppleWebKit/537.36 (KHTML, like Gecko) Chrome/142.0.0.0 Safari/537.36', '2025-10-31 02:30:17'),
('256', '8', 'admin', 'UPDATE_STUDENT', 'Updated student account: Student ID = 45', '::1', 'Mozilla/5.0 (Windows NT 10.0; Win64; x64) AppleWebKit/537.36 (KHTML, like Gecko) Chrome/142.0.0.0 Safari/537.36', '2025-10-31 02:31:33'),
('257', '8', 'admin', 'UPDATE_STUDENT', 'Updated student account: Student ID = 45', '::1', 'Mozilla/5.0 (Windows NT 10.0; Win64; x64) AppleWebKit/537.36 (KHTML, like Gecko) Chrome/142.0.0.0 Safari/537.36', '2025-10-31 02:33:55'),
('258', '8', 'admin', 'UPDATE_STUDENT', 'Updated student account: Student ID = 45', '::1', 'Mozilla/5.0 (Windows NT 10.0; Win64; x64) AppleWebKit/537.36 (KHTML, like Gecko) Chrome/142.0.0.0 Safari/537.36', '2025-10-31 02:34:10'),
('259', '8', 'admin', 'UPDATE_STUDENT', 'Updated student account: Student ID = 45', '::1', 'Mozilla/5.0 (Windows NT 10.0; Win64; x64) AppleWebKit/537.36 (KHTML, like Gecko) Chrome/142.0.0.0 Safari/537.36', '2025-10-31 02:40:54'),
('260', '8', 'admin', 'UPDATE_STUDENT', 'Updated student account: Student ID = 45', '::1', 'Mozilla/5.0 (Windows NT 10.0; Win64; x64) AppleWebKit/537.36 (KHTML, like Gecko) Chrome/142.0.0.0 Safari/537.36', '2025-10-31 02:45:59'),
('261', '8', 'admin', 'UPDATE_STUDENT', 'Updated student account: Student ID = 45', '::1', 'Mozilla/5.0 (Windows NT 10.0; Win64; x64) AppleWebKit/537.36 (KHTML, like Gecko) Chrome/142.0.0.0 Safari/537.36', '2025-10-31 02:47:42'),
('262', '8', 'admin', 'UPDATE_STUDENT', 'Updated student account: Student ID = 45', '::1', 'Mozilla/5.0 (Windows NT 10.0; Win64; x64) AppleWebKit/537.36 (KHTML, like Gecko) Chrome/142.0.0.0 Safari/537.36', '2025-10-31 02:48:27'),
('263', '8', 'admin', 'UPDATE_STUDENT', 'Updated student account: Student ID = 45', '::1', 'Mozilla/5.0 (Windows NT 10.0; Win64; x64) AppleWebKit/537.36 (KHTML, like Gecko) Chrome/142.0.0.0 Safari/537.36', '2025-10-31 02:50:31'),
('264', '8', 'admin', 'UPDATE_STUDENT', 'Updated student account: Student ID = 45', '::1', 'Mozilla/5.0 (Windows NT 10.0; Win64; x64) AppleWebKit/537.36 (KHTML, like Gecko) Chrome/142.0.0.0 Safari/537.36', '2025-10-31 02:53:13'),
('265', '8', 'admin', 'UPDATE_STUDENT', 'Updated student account: Student ID = 45', '::1', 'Mozilla/5.0 (Windows NT 10.0; Win64; x64) AppleWebKit/537.36 (KHTML, like Gecko) Chrome/142.0.0.0 Safari/537.36', '2025-10-31 02:55:06'),
('266', '8', 'admin', 'UPDATE_STUDENT', 'Updated student account: Student ID = 45', '::1', 'Mozilla/5.0 (Windows NT 10.0; Win64; x64) AppleWebKit/537.36 (KHTML, like Gecko) Chrome/142.0.0.0 Safari/537.36', '2025-10-31 02:55:37'),
('267', '8', 'admin', 'UPDATE_STUDENT', 'Updated student account: Student ID = 45', '::1', 'Mozilla/5.0 (Windows NT 10.0; Win64; x64) AppleWebKit/537.36 (KHTML, like Gecko) Chrome/142.0.0.0 Safari/537.36', '2025-10-31 02:56:18'),
('268', '8', 'admin', 'UPDATE_TEACHER', 'Updated teacher account: Teacher ID = 1', '::1', 'Mozilla/5.0 (Windows NT 10.0; Win64; x64) AppleWebKit/537.36 (KHTML, like Gecko) Chrome/142.0.0.0 Safari/537.36', '2025-10-31 03:09:01'),
('269', '8', 'admin', 'UPDATE_TEACHER', 'Updated teacher account: Teacher ID = 1', '::1', 'Mozilla/5.0 (Windows NT 10.0; Win64; x64) AppleWebKit/537.36 (KHTML, like Gecko) Chrome/142.0.0.0 Safari/537.36', '2025-10-31 03:09:25'),
('270', '8', 'admin', 'UPDATE_TEACHER', 'Updated teacher account: Teacher ID = 1', '::1', 'Mozilla/5.0 (Windows NT 10.0; Win64; x64) AppleWebKit/537.36 (KHTML, like Gecko) Chrome/142.0.0.0 Safari/537.36', '2025-10-31 03:10:47'),
('271', '8', 'admin', 'UPDATE_TEACHER', 'Updated teacher account: Teacher ID = 1', '::1', 'Mozilla/5.0 (Windows NT 10.0; Win64; x64) AppleWebKit/537.36 (KHTML, like Gecko) Chrome/142.0.0.0 Safari/537.36', '2025-10-31 03:12:43'),
('272', '8', 'admin', 'UPDATE_REGISTRAR', 'Updated registrar account: Registrar ID = 2', '::1', 'Mozilla/5.0 (Windows NT 10.0; Win64; x64) AppleWebKit/537.36 (KHTML, like Gecko) Chrome/142.0.0.0 Safari/537.36', '2025-10-31 03:20:22'),
('273', '8', 'admin', 'UPDATE_REGISTRAR', 'Updated registrar account: Registrar ID = 2', '::1', 'Mozilla/5.0 (Windows NT 10.0; Win64; x64) AppleWebKit/537.36 (KHTML, like Gecko) Chrome/142.0.0.0 Safari/537.36', '2025-10-31 03:20:46'),
('274', '8', 'admin', 'UPDATE_REGISTRAR', 'Updated registrar account: Registrar ID = 2', '::1', 'Mozilla/5.0 (Windows NT 10.0; Win64; x64) AppleWebKit/537.36 (KHTML, like Gecko) Chrome/142.0.0.0 Safari/537.36', '2025-10-31 03:21:05'),
('275', '8', 'admin', 'CREATE_BACKUP', 'Created database backup: dbsmati_backup_2025-10-31_03-22-10.sql', '::1', 'Mozilla/5.0 (Windows NT 10.0; Win64; x64) AppleWebKit/537.36 (KHTML, like Gecko) Chrome/142.0.0.0 Safari/537.36', '2025-10-31 03:22:10'),
('276', '8', 'admin', 'CREATE_BACKUP', 'Created database backup: dbsmati_backup_2025-10-31_03-22-20.sql', '::1', 'Mozilla/5.0 (Windows NT 10.0; Win64; x64) AppleWebKit/537.36 (KHTML, like Gecko) Chrome/142.0.0.0 Safari/537.36', '2025-10-31 03:22:20'),
('277', '8', 'admin', 'LOGIN', 'logged in to the system.', '::1', 'Mozilla/5.0 (Windows NT 10.0; Win64; x64) AppleWebKit/537.36 (KHTML, like Gecko) Chrome/142.0.0.0 Safari/537.36', '2025-10-31 03:45:24'),
('278', '8', 'admin', 'LOGIN', 'logged in to the system.', '::1', 'Mozilla/5.0 (Windows NT 10.0; Win64; x64) AppleWebKit/537.36 (KHTML, like Gecko) Chrome/142.0.0.0 Safari/537.36', '2025-10-31 03:46:00'),
('279', '8', 'admin', 'LOGIN', 'logged in to the system.', '::1', 'Mozilla/5.0 (Windows NT 10.0; Win64; x64) AppleWebKit/537.36 (KHTML, like Gecko) Chrome/142.0.0.0 Safari/537.36', '2025-10-31 04:20:56'),
('280', '1', 'teacher', 'CREATE_SUBJECT', 'Created subject: GEN MATH', '::1', 'Mozilla/5.0 (Windows NT 10.0; Win64; x64) AppleWebKit/537.36 (KHTML, like Gecko) Chrome/142.0.0.0 Safari/537.36', '2025-10-31 04:24:08'),
('281', '1', 'teacher', 'SUBMIT_GRADE', 'submitted a Grade:8 S.Y.:3', '::1', 'Mozilla/5.0 (Windows NT 10.0; Win64; x64) AppleWebKit/537.36 (KHTML, like Gecko) Chrome/142.0.0.0 Safari/537.36', '2025-10-31 04:28:43'),
('282', '1', 'teacher', 'SUBMIT_GRADE', 'submitted a Grade:INTEG PROGS.Y. - 2025-2026, 2nd Semester', '::1', 'Mozilla/5.0 (Windows NT 10.0; Win64; x64) AppleWebKit/537.36 (KHTML, like Gecko) Chrome/142.0.0.0 Safari/537.36', '2025-10-31 04:38:19'),
('283', '1', 'teacher', 'SUBMIT_GRADE', 'submitted a Grade:GEN MATH S.Y. - 2025-2026, 2nd Semester', '::1', 'Mozilla/5.0 (Windows NT 10.0; Win64; x64) AppleWebKit/537.36 (KHTML, like Gecko) Chrome/142.0.0.0 Safari/537.36', '2025-10-31 04:39:31'),
('284', '8', 'admin', 'CREATE_BACKUP', 'Created database backup: dbsmati_backup_2025-10-31_05-39-28.sql', '::1', 'Mozilla/5.0 (Windows NT 10.0; Win64; x64) AppleWebKit/537.36 (KHTML, like Gecko) Chrome/142.0.0.0 Safari/537.36', '2025-10-31 05:39:28'),
('285', '8', 'admin', 'LOGIN', 'logged in to the system.', '::1', 'Mozilla/5.0 (Windows NT 10.0; Win64; x64) AppleWebKit/537.36 (KHTML, like Gecko) Chrome/142.0.0.0 Safari/537.36', '2025-10-31 07:31:03'),
('286', '8', 'admin', 'LOGIN', 'logged in to the system.', '::1', 'Mozilla/5.0 (Windows NT 10.0; Win64; x64) AppleWebKit/537.36 (KHTML, like Gecko) Chrome/142.0.0.0 Safari/537.36', '2025-10-31 07:31:10'),
('287', '8', 'admin', 'LOGIN', 'logged in to the system.', '::1', 'Mozilla/5.0 (Windows NT 10.0; Win64; x64) AppleWebKit/537.36 (KHTML, like Gecko) Chrome/142.0.0.0 Safari/537.36', '2025-10-31 07:33:28'),
('288', '8', 'admin', 'LOGIN', 'logged in to the system.', '::1', 'Mozilla/5.0 (Windows NT 10.0; Win64; x64) AppleWebKit/537.36 (KHTML, like Gecko) Chrome/142.0.0.0 Safari/537.36', '2025-10-31 07:34:07'),
('289', '8', 'admin', 'LOGIN', 'logged in to the system.', '::1', 'Mozilla/5.0 (Windows NT 10.0; Win64; x64) AppleWebKit/537.36 (KHTML, like Gecko) Chrome/142.0.0.0 Safari/537.36', '2025-10-31 07:36:27'),
('290', '8', 'admin', 'LOGIN', 'logged in to the system.', '::1', 'Mozilla/5.0 (Windows NT 10.0; Win64; x64) AppleWebKit/537.36 (KHTML, like Gecko) Chrome/142.0.0.0 Safari/537.36', '2025-10-31 07:40:10'),
('291', '7', 'admin', 'LOGIN', 'logged in to the system.', '::1', 'Mozilla/5.0 (Windows NT 10.0; Win64; x64) AppleWebKit/537.36 (KHTML, like Gecko) Chrome/142.0.0.0 Safari/537.36', '2025-10-31 08:18:32'),
('292', '28', 'admin', 'LOGIN', 'logged in to the system.', '::1', 'Mozilla/5.0 (Windows NT 10.0; Win64; x64) AppleWebKit/537.36 (KHTML, like Gecko) Chrome/142.0.0.0 Safari/537.36', '2025-10-31 08:21:20'),
('293', '8', 'admin', 'LOGIN', 'logged in to the system.', '::1', 'Mozilla/5.0 (Windows NT 10.0; Win64; x64) AppleWebKit/537.36 (KHTML, like Gecko) Chrome/142.0.0.0 Safari/537.36', '2025-10-31 09:39:08'),
('294', '8', 'admin', 'LOGIN', 'logged in to the system.', '::1', 'Mozilla/5.0 (Windows NT 10.0; Win64; x64) AppleWebKit/537.36 (KHTML, like Gecko) Chrome/142.0.0.0 Safari/537.36', '2025-10-31 09:46:39'),
('295', '8', 'admin', 'LOGIN', 'logged in to the system.', '::1', 'Mozilla/5.0 (Windows NT 10.0; Win64; x64) AppleWebKit/537.36 (KHTML, like Gecko) Chrome/142.0.0.0 Safari/537.36', '2025-10-31 18:38:30'),
('296', '8', 'admin', 'LOGIN', 'logged in to the system.', '::1', 'Mozilla/5.0 (Linux; Android 6.0; Nexus 5 Build/MRA58N) AppleWebKit/537.36 (KHTML, like Gecko) Chrome/142.0.0.0 Mobile Safari/537.36', '2025-10-31 18:54:20'),
('297', '8', 'admin', 'LOGIN', 'logged in to the system.', '::1', 'Mozilla/5.0 (Windows NT 10.0; Win64; x64) AppleWebKit/537.36 (KHTML, like Gecko) Chrome/142.0.0.0 Safari/537.36', '2025-10-31 19:06:08'),
('298', '8', 'admin', 'CREATE_BACKUP', 'Created database backup: dbsmati_backup_2025-10-31_19-07-41.sql', '::1', 'Mozilla/5.0 (Windows NT 10.0; Win64; x64) AppleWebKit/537.36 (KHTML, like Gecko) Chrome/142.0.0.0 Safari/537.36', '2025-10-31 19:07:41'),
('299', '8', 'admin', 'LOGIN', 'logged in to the system.', '::1', 'Mozilla/5.0 (Windows NT 10.0; Win64; x64) AppleWebKit/537.36 (KHTML, like Gecko) Chrome/142.0.0.0 Safari/537.36', '2025-10-31 19:13:45'),
('300', '8', 'admin', 'LOGIN', 'logged in to the system.', '::1', 'Mozilla/5.0 (Windows NT 10.0; Win64; x64) AppleWebKit/537.36 (KHTML, like Gecko) Chrome/142.0.0.0 Safari/537.36', '2025-10-31 19:14:42'),
('301', '8', 'admin', 'DROP_REGISTRAR', 'Drop registrar Account: Registrar ID = 1', '::1', 'Mozilla/5.0 (Windows NT 10.0; Win64; x64) AppleWebKit/537.36 (KHTML, like Gecko) Chrome/142.0.0.0 Safari/537.36', '2025-10-31 19:20:19'),
('302', '8', 'admin', 'LOGIN', 'logged in to the system.', '::1', 'Mozilla/5.0 (Windows NT 10.0; Win64; x64) AppleWebKit/537.36 (KHTML, like Gecko) Chrome/142.0.0.0 Safari/537.36', '2025-10-31 20:28:15'),
('303', '8', 'admin', 'CREATE_BACKUP', 'Created database backup: dbsmati_backup_2025-10-31_20-28-24.sql', '::1', 'Mozilla/5.0 (Windows NT 10.0; Win64; x64) AppleWebKit/537.36 (KHTML, like Gecko) Chrome/142.0.0.0 Safari/537.36', '2025-10-31 20:28:24'),
('304', '8', 'admin', 'RESTORE_DATABASE', 'Restored database from backup file: dbsmati_backup_2025-10-31_20-29-12.sql', '::1', 'Mozilla/5.0 (Windows NT 10.0; Win64; x64) AppleWebKit/537.36 (KHTML, like Gecko) Chrome/142.0.0.0 Safari/537.36', '2025-10-31 20:30:06'),
('305', '8', 'admin', 'LOGIN', 'logged in to the system.', '::1', 'Mozilla/5.0 (Windows NT 10.0; Win64; x64) AppleWebKit/537.36 (KHTML, like Gecko) Chrome/142.0.0.0 Safari/537.36', '2025-10-31 21:16:08'),
('306', '8', 'admin', 'CREATE_BACKUP', 'Created database backup: dbsmati_backup_2025-10-31_21-17-51.sql', '::1', 'Mozilla/5.0 (Windows NT 10.0; Win64; x64) AppleWebKit/537.36 (KHTML, like Gecko) Chrome/142.0.0.0 Safari/537.36', '2025-10-31 21:17:51'),
('307', '8', 'admin', 'CREATE_BACKUP', 'Created database backup: dbsmati_backup_2025-10-31_21-22-21.sql', '::1', 'Mozilla/5.0 (Windows NT 10.0; Win64; x64) AppleWebKit/537.36 (KHTML, like Gecko) Chrome/142.0.0.0 Safari/537.36', '2025-10-31 21:22:21'),
('308', '8', 'admin', 'LOGIN', 'logged in to the system.', '::1', 'Mozilla/5.0 (Windows NT 10.0; Win64; x64) AppleWebKit/537.36 (KHTML, like Gecko) Chrome/142.0.0.0 Safari/537.36', '2025-10-31 21:24:42'),
('309', '8', 'admin', 'CREATE_BACKUP', 'Created database backup: dbsmati_backup_2025-10-31_21-38-48.sql', '::1', 'Mozilla/5.0 (Windows NT 10.0; Win64; x64) AppleWebKit/537.36 (KHTML, like Gecko) Chrome/142.0.0.0 Safari/537.36', '2025-10-31 21:38:48'),
('310', '8', 'admin', 'CREATE_BACKUP', 'Created database backup: dbsmati_backup_2025-10-31_21-40-48.sql', '::1', 'Mozilla/5.0 (Windows NT 10.0; Win64; x64) AppleWebKit/537.36 (KHTML, like Gecko) Chrome/142.0.0.0 Safari/537.36', '2025-10-31 21:40:48'),
('311', '8', 'admin', 'LOGIN', 'logged in to the system.', '::1', 'Mozilla/5.0 (Windows NT 10.0; Win64; x64) AppleWebKit/537.36 (KHTML, like Gecko) Chrome/142.0.0.0 Safari/537.36', '0000-00-00 00:00:00'),
('312', '8', 'admin', 'LOGIN', 'logged in to the system.', '::1', 'Mozilla/5.0 (Windows NT 10.0; Win64; x64) AppleWebKit/537.36 (KHTML, like Gecko) Chrome/142.0.0.0 Safari/537.36', '2025-11-01 02:48:32'),
('313', '8', 'admin', 'LOGIN', 'logged in to the system.', '::1', 'Mozilla/5.0 (Windows NT 10.0; Win64; x64) AppleWebKit/537.36 (KHTML, like Gecko) Chrome/142.0.0.0 Safari/537.36', '2025-11-01 03:09:12'),
('314', '8', 'admin', 'LOGIN', 'logged in to the system.', '::1', 'Mozilla/5.0 (Windows NT 10.0; Win64; x64) AppleWebKit/537.36 (KHTML, like Gecko) Chrome/142.0.0.0 Safari/537.36', '2025-11-01 03:24:00'),
('315', '8', 'admin', 'LOGIN', 'logged in to the system.', '::1', 'Mozilla/5.0 (Windows NT 10.0; Win64; x64) AppleWebKit/537.36 (KHTML, like Gecko) Chrome/142.0.0.0 Safari/537.36', '2025-11-01 03:58:07'),
('316', '8', 'admin', 'CREATE_SCHOOLYEAR', 'created new Schoolyear & Semester: 2027-2028, 1st Semester', '::1', 'Mozilla/5.0 (Windows NT 10.0; Win64; x64) AppleWebKit/537.36 (KHTML, like Gecko) Chrome/142.0.0.0 Safari/537.36', '2025-11-01 04:07:03'),
('317', '8', 'admin', 'DELETE_SCHOOLYEAR', 'deleted schoolyear & semester.', '::1', 'Mozilla/5.0 (Windows NT 10.0; Win64; x64) AppleWebKit/537.36 (KHTML, like Gecko) Chrome/142.0.0.0 Safari/537.36', '2025-11-01 04:07:22'),
('318', '8', 'admin', 'RESTORE_DATABASE', 'Restored database from backup file: dbsmati_backup_2025-11-01_04-07-31.sql', '::1', 'Mozilla/5.0 (Windows NT 10.0; Win64; x64) AppleWebKit/537.36 (KHTML, like Gecko) Chrome/142.0.0.0 Safari/537.36', '2025-11-01 04:11:53'),
('319', '8', 'admin', 'CREATE_SCHOOLYEAR', 'created new Schoolyear & Semester: 2026-2027, 1st Semester', '::1', 'Mozilla/5.0 (Windows NT 10.0; Win64; x64) AppleWebKit/537.36 (KHTML, like Gecko) Chrome/142.0.0.0 Safari/537.36', '2025-11-01 04:16:33'),
('320', '8', 'admin', 'DROP_SCHOOLYEAR', 'drop a schoolyear & semester.', '::1', 'Mozilla/5.0 (Windows NT 10.0; Win64; x64) AppleWebKit/537.36 (KHTML, like Gecko) Chrome/142.0.0.0 Safari/537.36', '2025-11-01 04:16:58'),
('321', '8', 'admin', 'DROP_SCHOOLYEAR', 'drop a schoolyear & semester.', '::1', 'Mozilla/5.0 (Windows NT 10.0; Win64; x64) AppleWebKit/537.36 (KHTML, like Gecko) Chrome/142.0.0.0 Safari/537.36', '2025-11-01 04:26:27'),
('322', '8', 'admin', 'LOGIN', 'logged in to the system.', '::1', 'Mozilla/5.0 (Windows NT 10.0; Win64; x64) AppleWebKit/537.36 (KHTML, like Gecko) Chrome/142.0.0.0 Safari/537.36', '2025-11-01 04:51:26'),
('323', '8', 'admin', 'CREATE_BACKUP', 'Created database backup: dbsmati_backup_2025-11-01_04-55-42.sql', '::1', 'Mozilla/5.0 (Windows NT 10.0; Win64; x64) AppleWebKit/537.36 (KHTML, like Gecko) Chrome/142.0.0.0 Safari/537.36', '2025-11-01 04:55:42'),
('324', '8', 'admin', 'RETREIVE_SY', 'retrieved schoolyear from the archive.', '::1', 'Mozilla/5.0 (Windows NT 10.0; Win64; x64) AppleWebKit/537.36 (KHTML, like Gecko) Chrome/142.0.0.0 Safari/537.36', '2025-11-01 04:57:42'),
('325', '8', 'admin', 'DROP_SCHOOLYEAR', 'drop a schoolyear & semester.', '::1', 'Mozilla/5.0 (Windows NT 10.0; Win64; x64) AppleWebKit/537.36 (KHTML, like Gecko) Chrome/142.0.0.0 Safari/537.36', '2025-11-01 04:57:54'),
('326', '8', 'admin', 'RESTORE_DATABASE', 'Restored database from backup file: dbsmati_backup_2025-11-01_05-03-08.sql', '::1', 'Mozilla/5.0 (Windows NT 10.0; Win64; x64) AppleWebKit/537.36 (KHTML, like Gecko) Chrome/142.0.0.0 Safari/537.36', '2025-11-01 05:06:10'),
('327', '8', 'admin', 'RETRIEVE_ACCOUNT', 'retrieved student account: Student ID = 61', '::1', 'Mozilla/5.0 (Windows NT 10.0; Win64; x64) AppleWebKit/537.36 (KHTML, like Gecko) Chrome/142.0.0.0 Safari/537.36', '2025-11-01 05:06:33');

DROP TABLE IF EXISTS `admin`;
CREATE TABLE `admin` (
  `admin_id` int(11) NOT NULL AUTO_INCREMENT,
  `username` varchar(225) DEFAULT NULL,
  `password` varchar(225) DEFAULT NULL,
  `email` varchar(225) NOT NULL,
  `security_question` varchar(225) NOT NULL,
  `security_answer` varchar(225) NOT NULL,
  `confirm_password` varchar(225) NOT NULL,
  `createdAt` datetime NOT NULL DEFAULT current_timestamp(),
  PRIMARY KEY (`admin_id`)
) ENGINE=InnoDB AUTO_INCREMENT=29 DEFAULT CHARSET=utf8mb4 COLLATE=utf8mb4_general_ci;

INSERT INTO `admin` VALUES
('6', 'admin', '$2y$10$VthHQbHmOYvungiht04YJe3f9.BFy/98eihu6MIQJF1xJEVz0Zaqy', 'admin1@example.com', 'friend', 'mau', 'Admin123', '2025-10-25 00:01:48'),
('7', 'admin', '$2y$10$lLwcEpGqn4ZV0kjIb58HE.LJ98IOR8fHJb.JDT9O/3qEIFJhHYzcK', 'admin@gmail.com', 'friend', 'mau', '$2y$10$lLwcEpGqn4ZV0kjIb58HE.LJ98IOR8fHJb.JDT9O/3qEIFJhHYzcK', '2025-10-25 00:13:07'),
('8', 'admin', '$2y$10$TffI/m24HzsWWQ9Epu632OVr67WUZVxiZ6c0ZXCZ4X6zHTrV6Gvrm', 'Mauchilan@yahoo.com', 'friend', 'mau', '', '2025-10-25 02:43:37'),
('18', 'admin', '$2y$10$cro8uBCFDrJrEOzFGHBaDuULlFwv5NxH9mRqRMhv39LI5Q.b/oN0G', 'Mau@gmail.com', 'friend', 'mau', '', '2025-10-26 01:27:18'),
('27', 'admin', '$2y$10$pVRqfUu9B7/mYqdukhtE5.rHuVm5tXQ2ZyqQyV0WHdSXWb52DUgLC', 'test@gmail.com', 'friend', 'mau', '$2y$10$pVRqfUu9B7/mYqdukhtE5.rHuVm5tXQ2ZyqQyV0WHdSXWb52DUgLC', '2025-10-26 02:40:51');

DROP TABLE IF EXISTS `announcements`;
CREATE TABLE `announcements` (
  `announcement_id` int(11) NOT NULL AUTO_INCREMENT,
  `title` varchar(225) NOT NULL,
  `details` text NOT NULL,
  `type` varchar(225) NOT NULL,
  `createdAt` datetime NOT NULL,
  PRIMARY KEY (`announcement_id`)
) ENGINE=InnoDB AUTO_INCREMENT=10 DEFAULT CHARSET=utf8mb4 COLLATE=utf8mb4_general_ci;

INSERT INTO `announcements` VALUES
('5', 'PRELIM EXAMINATION SY.2025-2026 ', 'October 21-22, 2025 is the prelim examintation for College level. STRICTLY NO premit, NO exam.', 'High', '2025-10-15 23:00:02'),
('6', 'MIDTERM EXAMINATION  SY. 2025-2026', 'November 21-22, 2025. STRICTLY NO Permit, NO Exam. ', 'High', '2025-10-15 23:10:48'),
('8', 'PRE FINAL EXAMINATION SY.2025-2026', 'please settle your payment to avoid penalty.', 'High', '2025-10-19 21:47:54'),
('9', 'Datamex Foundation Day 2025', 'Oct. 28-29, 2025. Attendance is a must.', 'Low', '2025-10-19 21:58:08');

DROP TABLE IF EXISTS `auth`;
CREATE TABLE `auth` (
  `id` int(11) NOT NULL AUTO_INCREMENT,
  `password` varchar(255) NOT NULL,
  `pin` varchar(255) NOT NULL,
  PRIMARY KEY (`id`)
) ENGINE=InnoDB AUTO_INCREMENT=2 DEFAULT CHARSET=utf8mb4 COLLATE=utf8mb4_general_ci;

INSERT INTO `auth` VALUES
('1', 'smati2025', '112601');

DROP TABLE IF EXISTS `concern`;
CREATE TABLE `concern` (
  `concern_id` int(11) NOT NULL AUTO_INCREMENT,
  `student_id` int(11) NOT NULL,
  `section` varchar(225) NOT NULL,
  `email` varchar(225) NOT NULL,
  `teacher_id` int(11) NOT NULL,
  `type` varchar(225) NOT NULL,
  `details` varchar(225) NOT NULL,
  `reference_num` varchar(225) NOT NULL,
  `concern_status` varchar(225) NOT NULL,
  `concern_date` date NOT NULL DEFAULT current_timestamp(),
  PRIMARY KEY (`concern_id`),
  KEY `teacher_id` (`teacher_id`),
  KEY `student_id` (`student_id`),
  CONSTRAINT `concern_ibfk_1` FOREIGN KEY (`teacher_id`) REFERENCES `teachers` (`teacher_id`),
  CONSTRAINT `concern_ibfk_2` FOREIGN KEY (`student_id`) REFERENCES `students` (`student_id`)
) ENGINE=InnoDB AUTO_INCREMENT=18 DEFAULT CHARSET=utf8mb4 COLLATE=utf8mb4_general_ci;

INSERT INTO `concern` VALUES
('13', '45', 'B', 'Mau@gmail.com', '1', 'Grades', 'asdasdasdasdasd', 'SMATI2025-001', 'Case Closed', '2025-10-08'),
('14', '45', 'B', 'Mau@gmail.com', '1', 'Attendance', 'asdadsasdsad', 'SMATI2025-002', 'Case Closed', '2025-10-08'),
('15', '45', 'B', 'Mau@gmail.com', '1', 'Grades', 'LOREM IPSIUM TEST TESTEST', 'SMATI2025-003', 'Case Closed', '2025-10-12'),
('17', '45', 'B', 'Mau1@gmail.com', '1', 'Grades', 'ARAY KOO', 'SMATI2025-004', 'Approved', '2025-10-31');

DROP TABLE IF EXISTS `grades`;
CREATE TABLE `grades` (
  `grades_id` int(11) NOT NULL AUTO_INCREMENT,
  `subject_id` int(11) DEFAULT NULL,
  `teacher_id` int(11) DEFAULT NULL,
  `student_id` int(11) DEFAULT NULL,
  `schoolyear_id` int(11) DEFAULT NULL,
  `prelim` varchar(50) DEFAULT NULL,
  `midterm` varchar(50) DEFAULT NULL,
  `prefinals` varchar(50) DEFAULT NULL,
  `finals` varchar(50) DEFAULT NULL,
  `average` decimal(10,2) NOT NULL,
  `equivalent` decimal(10,2) NOT NULL,
  `remarks` varchar(255) DEFAULT NULL,
  `comment` varchar(255) DEFAULT NULL,
  `createdAt` timestamp NULL DEFAULT current_timestamp(),
  PRIMARY KEY (`grades_id`),
  UNIQUE KEY `subject_id_2` (`subject_id`,`teacher_id`,`student_id`,`schoolyear_id`),
  KEY `subject_id` (`subject_id`),
  KEY `teacher_id` (`teacher_id`),
  KEY `student_id` (`student_id`),
  KEY `sy_id` (`schoolyear_id`),
  CONSTRAINT `grades_ibfk_1` FOREIGN KEY (`student_id`) REFERENCES `students` (`student_id`),
  CONSTRAINT `grades_ibfk_3` FOREIGN KEY (`subject_id`) REFERENCES `subjects` (`subject_id`),
  CONSTRAINT `grades_ibfk_4` FOREIGN KEY (`teacher_id`) REFERENCES `teachers` (`teacher_id`),
  CONSTRAINT `grades_ibfk_5` FOREIGN KEY (`schoolyear_id`) REFERENCES `schoolyear` (`schoolyear_id`)
) ENGINE=InnoDB AUTO_INCREMENT=299 DEFAULT CHARSET=utf8mb4 COLLATE=utf8mb4_general_ci;

INSERT INTO `grades` VALUES
('257', '3', '1', '45', '2', '97', '88', '99', '90', '93.50', '1.50', 'Passed', '', '2025-09-11 17:54:50'),
('258', '3', '1', '48', '2', '90', '89', '81', '82', '85.50', '2.00', 'Passed', '', '2025-09-11 17:54:50'),
('259', '3', '1', '58', '2', '83', '84', '84', '81', '83.00', '2.50', 'Passed', '', '2025-09-11 17:54:50'),
('263', '7', '1', '45', '3', '89', '88', '82', '90', '87.25', '2.00', 'Passed', 'Good Job', '2025-09-14 23:23:38'),
('264', '7', '1', '48', '3', NULL, NULL, NULL, NULL, '0.00', '5.00', 'Failed', '', '2025-09-14 23:23:38'),
('265', '7', '1', '58', '3', NULL, NULL, NULL, NULL, '0.00', '5.00', 'Failed', '', '2025-09-14 23:23:38'),
('266', '6', '1', '45', '2', '90', '92', '93', '94', '92.25', '1.50', 'Passed', 'Goob Job', '2025-09-14 23:51:14'),
('267', '6', '1', '48', '2', NULL, NULL, NULL, NULL, '0.00', '5.00', 'Failed', '', '2025-09-14 23:51:14'),
('268', '6', '1', '58', '2', NULL, NULL, NULL, NULL, '0.00', '5.00', 'Failed', '', '2025-09-14 23:51:14'),
('269', '9', '1', '45', '2', '88', '81', '83', '85', '84.25', '2.50', 'Passed', '', '2025-09-15 11:09:15'),
('270', '9', '1', '48', '2', '98', '79', '85', '70', '83.00', '2.50', 'Passed', '', '2025-09-15 11:09:15'),
('271', '9', '1', '58', '2', NULL, NULL, NULL, NULL, '0.00', '5.00', 'Failed', '', '2025-09-15 11:09:15'),
('275', '10', '3', '45', '2', '88', '87', '89', '90', '88.50', '2.00', 'Passed', '', '2025-09-15 11:19:50'),
('276', '10', '3', '48', '2', NULL, NULL, NULL, NULL, '0.00', '5.00', 'Failed', '', '2025-09-15 11:19:50'),
('277', '10', '3', '58', '2', NULL, NULL, NULL, NULL, '0.00', '5.00', 'Failed', '', '2025-09-15 11:19:50'),
('278', '19', '1', '45', '3', '99', '98', NULL, '99', '98.67', '1.50', 'Passed', 'Good Job', '2025-10-28 02:09:32'),
('279', '19', '1', '48', '3', NULL, NULL, NULL, NULL, '0.00', '5.00', 'Failed', '', '2025-10-28 02:09:32'),
('280', '19', '1', '58', '3', NULL, NULL, NULL, NULL, '0.00', '5.00', 'Failed', '', '2025-10-28 02:09:32'),
('281', '19', '1', '59', '3', '76', '78', NULL, '77', '77.00', '3.00', 'Passed', 'good job', '2025-10-31 04:19:01'),
('282', '19', '1', '70', '3', '88', '76', NULL, '67', '77.00', '3.00', 'Passed', 'good job', '2025-10-31 04:19:01'),
('283', '19', '1', '32', '3', NULL, NULL, NULL, NULL, '0.00', '5.00', 'Failed', '', '2025-10-31 04:19:01'),
('284', '19', '1', '57', '3', NULL, NULL, NULL, NULL, '0.00', '5.00', 'Failed', '', '2025-10-31 04:19:01'),
('285', '19', '1', '46', '3', NULL, NULL, NULL, NULL, '0.00', '5.00', 'Failed', '', '2025-10-31 04:19:01'),
('286', '19', '1', '61', '3', NULL, NULL, NULL, NULL, '0.00', '5.00', 'Failed', '', '2025-10-31 04:19:01'),
('287', '8', '1', '48', '3', NULL, NULL, NULL, NULL, '0.00', '5.00', 'Failed', '', '2025-10-31 04:27:58'),
('288', '8', '1', '58', '3', NULL, NULL, NULL, NULL, '0.00', '5.00', 'Failed', '', '2025-10-31 04:27:58'),
('289', '8', '1', '45', '3', '89', '88', NULL, '88', '88.33', '2.00', 'Passed', 'Good Job', '2025-10-31 04:27:58'),
('296', '20', '1', '48', '3', NULL, NULL, NULL, NULL, '0.00', '5.00', 'Failed', '', '2025-10-31 04:39:31'),
('297', '20', '1', '58', '3', NULL, NULL, NULL, NULL, '0.00', '5.00', 'Failed', '', '2025-10-31 04:39:31'),
('298', '20', '1', '45', '3', '89', '82', NULL, '88', '86.33', '2.00', 'Passed', '', '2025-10-31 04:39:31');

DROP TABLE IF EXISTS `password_reset_log`;
CREATE TABLE `password_reset_log` (
  `id` int(11) NOT NULL AUTO_INCREMENT,
  `email` varchar(255) NOT NULL,
  `reset_date` datetime NOT NULL,
  `month_year` varchar(7) NOT NULL,
  PRIMARY KEY (`id`),
  KEY `idx_email_month` (`email`,`month_year`)
) ENGINE=InnoDB AUTO_INCREMENT=3 DEFAULT CHARSET=utf8mb4 COLLATE=utf8mb4_general_ci;

INSERT INTO `password_reset_log` VALUES
('1', 'admin@gmail.com', '2025-10-31 08:17:56', '2025-10'),
('2', 'admin@gmail.com', '2025-10-31 08:18:59', '2025-10');

DROP TABLE IF EXISTS `registrars`;
CREATE TABLE `registrars` (
  `registrar_id` int(11) NOT NULL AUTO_INCREMENT,
  `username` varchar(255) NOT NULL,
  `password` varchar(255) NOT NULL,
  `firstname` varchar(255) NOT NULL,
  `lastname` varchar(255) NOT NULL,
  `email` varchar(255) NOT NULL,
  `status` varchar(255) NOT NULL,
  `createdAt` datetime NOT NULL DEFAULT current_timestamp(),
  PRIMARY KEY (`registrar_id`)
) ENGINE=InnoDB AUTO_INCREMENT=3 DEFAULT CHARSET=utf8mb4 COLLATE=utf8mb4_general_ci;

INSERT INTO `registrars` VALUES
('1', 'registrar1234', '$2y$10$WnoZfZYDcd1KS79w4kKKHexzV/iwJSKqAkifKigB8U.B5j6BdJwEO', '1', 'Registrar', 'registar1@gmail.com', '0', '2025-10-30 02:01:09'),
('2', 'reg1234', '$2y$10$BqPfiEXs913u8TWl2qyyC.AJN3TMw.le571.IUuc22ISPPYTmpaly', 'Cynthia', 'Maam', 'reg123456@yahoo.com', '1', '2025-10-31 01:51:39');

DROP TABLE IF EXISTS `schoolyear`;
CREATE TABLE `schoolyear` (
  `schoolyear_id` int(11) NOT NULL AUTO_INCREMENT,
  `schoolyear` varchar(225) DEFAULT NULL,
  `semester` varchar(225) DEFAULT NULL,
  `status` varchar(225) NOT NULL,
  PRIMARY KEY (`schoolyear_id`)
) ENGINE=InnoDB AUTO_INCREMENT=15 DEFAULT CHARSET=utf8mb4 COLLATE=utf8mb4_general_ci;

INSERT INTO `schoolyear` VALUES
('2', '2025-2026', '1st', '1'),
('3', '2025-2026', '2nd', '1'),
('14', '2026-2027', '1st', '0');

DROP TABLE IF EXISTS `student_list`;
CREATE TABLE `student_list` (
  `list_id` int(11) NOT NULL AUTO_INCREMENT,
  `subject_id` int(11) NOT NULL,
  `student_set` varchar(255) NOT NULL,
  PRIMARY KEY (`list_id`),
  KEY `subject_id` (`subject_id`),
  CONSTRAINT `student_list_ibfk_1` FOREIGN KEY (`subject_id`) REFERENCES `subjects` (`subject_id`)
) ENGINE=InnoDB AUTO_INCREMENT=26 DEFAULT CHARSET=utf8mb4 COLLATE=utf8mb4_general_ci;

INSERT INTO `student_list` VALUES
('8', '3', 'B'),
('9', '3', 'A'),
('10', '6', 'B'),
('12', '6', 'A'),
('13', '7', 'A'),
('14', '7', 'B'),
('15', '8', 'A'),
('16', '8', 'B'),
('17', '9', 'A'),
('18', '9', 'B'),
('19', '10', 'B'),
('20', '17', 'A'),
('21', '17', 'B'),
('22', '19', 'A'),
('23', '19', 'B'),
('24', '20', 'B'),
('25', '20', 'A');

DROP TABLE IF EXISTS `students`;
CREATE TABLE `students` (
  `student_id` int(11) NOT NULL AUTO_INCREMENT,
  `username` varchar(225) NOT NULL,
  `password` varchar(225) NOT NULL,
  `email` varchar(225) NOT NULL,
  `firstname` varchar(225) NOT NULL,
  `lastname` varchar(225) NOT NULL,
  `course` varchar(225) NOT NULL,
  `status` varchar(255) DEFAULT NULL,
  `image` varchar(255) NOT NULL,
  `createdAt` timestamp NOT NULL DEFAULT current_timestamp(),
  PRIMARY KEY (`student_id`)
) ENGINE=InnoDB AUTO_INCREMENT=102 DEFAULT CHARSET=utf8mb4 COLLATE=utf8mb4_general_ci;

INSERT INTO `students` VALUES
('32', 'eman1234', '$2y$10$jrYunrZFy5W9iyWaGXouj.PedUBPk.uiXsbEbDJ6FpLLvc70fYXoe', 'eman@gmail.com', 'Eman12', 'Gumayagay', 'A', '1', '', '2025-08-26 17:27:43'),
('45', 'mau123', '$2y$10$XZCelMp1iuCVGwBI8s3SmectXxuDT1B/TsJ6Y/JqGrxq.rmdMouc.', 'Mau1@gmail.com', 'Mau Chi Lan', 'Soldevilla', 'B', '1', '../images/6903b4a9bfa3d_Mau_Soldevilla.png', '2025-08-27 18:53:34'),
('46', 'rian123', '$2y$10$Y/AjWMlL73/bsAd5dGukxeXBE/LqodPyFeYhIT191A/p1RJhs4k3e', 'Tambor@yahoo.com', 'Aldrian', 'Tambor', 'A', '1', '../images/Aldrian_Tambor.png', '2025-08-27 18:59:44'),
('48', 'kurt123', 'kurt123', 'Kurt@yahoo.com', 'Kurt Lance', 'Garcia', 'B', '1', '', '2025-08-29 15:54:43'),
('57', 'darren123', 'darren123', 'example@yahoo.com', 'Darren', 'James', 'A', '1', '', '2025-09-07 12:47:05'),
('58', 'jhimmel123', 'jhimmel123', 'example@yahoo.com', 'Jhimmel', 'lorem', 'B', '1', '', '2025-09-07 12:47:39'),
('59', 'eman1234', 'eman1234', 'Mauchilan@yahoo.com', 'Eman', 'Barbin', 'A', '1', '', '2025-09-11 15:19:07'),
('61', 'rian12345', 'rian12345', 'Rian@gmail.com', 'rian', 'Tambor', 'A', '1', '', '2025-09-15 10:53:10'),
('70', 'marc123', 'marc123', 'marc@gmail.com', 'Marc Dominic', 'Goco', 'A', '1', '', '2025-10-16 01:05:02');

DROP TABLE IF EXISTS `subjects`;
CREATE TABLE `subjects` (
  `subject_id` int(11) NOT NULL AUTO_INCREMENT,
  `teacher_id` int(11) NOT NULL,
  `subject_code` varchar(255) NOT NULL,
  `subject` varchar(225) DEFAULT NULL,
  `course` varchar(225) DEFAULT NULL,
  `yearlevel` varchar(255) DEFAULT NULL,
  `schoolyear_id` int(11) NOT NULL,
  `status` varchar(255) DEFAULT NULL,
  `subject_created` timestamp NULL DEFAULT current_timestamp(),
  PRIMARY KEY (`subject_id`),
  KEY `teacher_id` (`teacher_id`),
  KEY `schoolyear_id` (`schoolyear_id`),
  CONSTRAINT `subjects_ibfk_1` FOREIGN KEY (`teacher_id`) REFERENCES `teachers` (`teacher_id`),
  CONSTRAINT `subjects_ibfk_2` FOREIGN KEY (`schoolyear_id`) REFERENCES `schoolyear` (`schoolyear_id`) ON DELETE NO ACTION ON UPDATE NO ACTION
) ENGINE=InnoDB AUTO_INCREMENT=21 DEFAULT CHARSET=utf8mb4 COLLATE=utf8mb4_general_ci;

INSERT INTO `subjects` VALUES
('3', '1', 'CORE5', 'HCI', 'BSIT', '2nd', '2', '1', '2025-09-02 09:41:05'),
('4', '4', '', 'PE 2', 'BSHM', '2nd', '2', '1', '2025-09-02 10:15:18'),
('5', '4', '', 'PE 4', 'BSHM', '2nd', '2', '1', '2025-09-02 10:18:55'),
('6', '1', 'CORE4', 'SIA', 'BSIT', '3rd', '2', '1', '2025-09-02 11:20:36'),
('7', '1', 'MINOR3', 'PE 4', 'BSIT', '4th', '3', '1', '2025-09-14 23:22:11'),
('8', '1', 'MINOR2', 'PE3', 'BSIT', '3rd', '3', '1', '2025-09-15 01:32:48'),
('9', '1', 'CORE3', 'Programming 1', 'BSIT', '1st', '2', '1', '2025-09-15 11:08:14'),
('10', '3', '', 'PE 5', 'BSIT', '2nd', '2', '0', '2025-09-15 11:19:20'),
('11', '1', '', 'Programming 3', NULL, '3rd', '2', '0', '2025-10-14 17:48:27'),
('13', '1', 'CORE2', 'Programming 2', NULL, '3rd', '2', '1', '2025-10-16 01:18:21'),
('14', '1', '', 'Programming 3', 'BSIT', '2nd', '2', '0', '2025-10-16 01:19:43'),
('17', '6', '', 'capstone 2', NULL, '3rd', '2', '1', '2025-10-16 01:29:22'),
('18', '6', '', 'Capstone1 111', NULL, '4th', '2', '0', '2025-10-16 18:27:33'),
('19', '1', 'CORE1', 'INTEG PROG', NULL, '3rd', '3', '1', '2025-10-28 02:02:04'),
('20', '1', 'MINOR1', 'GEN MATH', NULL, '2nd', '3', '1', '2025-10-31 04:24:08');

DROP TABLE IF EXISTS `super_user`;
CREATE TABLE `super_user` (
  `id` int(11) NOT NULL AUTO_INCREMENT,
  `email` varchar(225) NOT NULL,
  `password` varchar(225) NOT NULL,
  `pin` varchar(225) NOT NULL,
  PRIMARY KEY (`id`)
) ENGINE=InnoDB AUTO_INCREMENT=2 DEFAULT CHARSET=utf8mb4 COLLATE=utf8mb4_general_ci;

INSERT INTO `super_user` VALUES
('1', 'superadmin@dev.com', 'superadmin', '112601');

DROP TABLE IF EXISTS `teachers`;
CREATE TABLE `teachers` (
  `teacher_id` int(11) NOT NULL AUTO_INCREMENT,
  `username` varchar(255) DEFAULT NULL,
  `password` varchar(255) DEFAULT NULL,
  `email` varchar(255) DEFAULT NULL,
  `firstname` varchar(255) DEFAULT NULL,
  `lastname` varchar(255) DEFAULT NULL,
  `department` varchar(255) DEFAULT NULL,
  `status` varchar(255) DEFAULT NULL,
  `createdAt` timestamp NULL DEFAULT current_timestamp(),
  PRIMARY KEY (`teacher_id`)
) ENGINE=InnoDB AUTO_INCREMENT=8 DEFAULT CHARSET=utf8mb4 COLLATE=utf8mb4_general_ci;

INSERT INTO `teachers` VALUES
('1', 'eman123', '$2y$10$ws1kYuVXUamiT2X7ssQspugbGfV6t7j2iDTsm2kU9N0vD1AJ3pwk.', 'eman@gmail.com', 'Emman', 'Gumayagay', 'IT', '1', '2025-08-28 15:10:04'),
('3', 'bry123', '$2y$10$V9lKbwWd1Se1Ay2Dx4JXYOXftql1/O23rZWCaY3GuwCAMXSpOW8AO', 'bryan@gmail.com', 'Bryan1', 'Superable', 'Faculty', '1', '2025-08-28 15:32:04'),
('4', 'rian12314', 'rian1234', 'Rian123@gmail.com', 'Aldrian', 'Tambor', 'Faculty', '0', '2025-08-29 15:55:28'),
('6', 'sirgab123', 'sirgab123', 'sirgab@gmail.com', 'Gabriel Thomas', 'Torneros', 'IT', '1', '2025-10-15 19:33:02'),
('7', 'norms123', 'norms123', 'Norms@gmail.com', 'Norms', 'Ortego', 'Faculty', '1', '2025-10-16 17:25:45');

